ID,Type_de_sol,pH,Température (°C),Humidité (%),Matière organique (%),Salinité (dS/m),Drainage,Sodium (mg/kg),Potassium (mg/kg),Calcium (mg/kg),Magnesium (mg/kg),Maladie
1,Sableux,5.75,39.5,24.6,1.1,0.32,Bon,16.2,55.8,136.6,34.0,Déficience microbienne
2,Latéritique,6.92,28.2,34.4,2.66,0.82,Moyen,29.1,78.3,116.5,46.2,Déficience microbienne
3,Calcaire,7.93,32.9,22.2,1.21,1.58,Mauvais,48.3,120.2,307.0,40.0,Déficience microbienne
4,Sableux,6.03,35.9,10.9,1.11,0.34,Moyen,12.6,144.9,146.6,42.3,Déficience microbienne
5,Sableux,5.61,31.0,23.7,0.94,0.27,Bon,29.8,53.4,140.9,20.4,Déficience microbienne
6,Calcaire,8.16,33.1,20.4,1.82,1.37,Moyen,78.5,155.3,337.9,74.7,Déficience microbienne
7,Sableux,6.2,39.2,11.8,0.7,0.16,Moyen,23.0,88.9,77.1,43.1,Nématodose
8,Alluviaux,6.54,27.8,40.9,2.42,2.1,Bon,23.7,248.0,254.4,31.9,Déficience microbienne
9,Latéritique,5.51,36.2,29.1,2.46,1.66,Mauvais,23.7,95.8,93.9,63.2,Fusariose vasculaire
10,Sableux,6.25,33.3,11.3,0.81,0.56,Mauvais,39.2,113.8,138.7,28.9,Déficience microbienne
11,Calcaire,7.62,37.1,25.2,1.84,2.54,Moyen,54.7,127.5,235.5,31.3,Déficience microbienne
12,Latéritique,5.72,28.3,27.7,1.63,1.26,Moyen,65.4,84.9,129.2,57.8,Déficience microbienne
13,Calcaire,7.73,30.8,15.8,1.24,2.86,Mauvais,70.4,139.7,324.3,70.2,Déficience microbienne
14,Latéritique,5.87,36.9,25.8,2.61,1.84,Moyen,35.9,71.0,107.4,41.4,Fusariose vasculaire
15,Alluviaux,7.23,33.6,30.1,3.53,1.33,Bon,31.1,118.0,167.5,76.6,Déficience microbienne
16,Latéritique,6.15,33.2,29.1,1.73,1.96,Mauvais,68.1,85.2,139.7,35.0,Fusariose vasculaire
17,Sableux,5.57,30.4,22.2,1.0,0.17,Mauvais,21.1,140.8,74.0,15.8,Déficience microbienne
18,Sableux,5.98,39.9,14.8,1.17,1.17,Mauvais,19.5,122.8,86.8,35.3,Déficience microbienne
19,Alluviaux,6.95,30.4,31.8,4.51,1.14,Bon,29.3,106.1,218.2,60.7,Déficience microbienne
20,Latéritique,5.53,33.1,19.5,2.29,0.76,Mauvais,54.5,98.7,192.4,26.9,Fusariose vasculaire
21,Latéritique,6.18,29.1,33.5,2.75,0.89,Mauvais,53.0,141.7,146.6,46.5,Déficience microbienne
22,Sableux,5.48,30.9,27.9,1.4,0.99,Bon,23.6,84.9,122.6,45.9,Déficience microbienne
23,Calcaire,8.39,37.8,22.8,1.13,1.32,Mauvais,74.9,136.7,151.8,35.1,Flétrissure bactérienne
24,Sableux,6.33,30.1,13.2,1.05,1.07,Mauvais,36.1,72.4,121.2,19.5,Déficience microbienne
25,Sableux,5.65,37.5,23.0,1.35,1.02,Moyen,32.7,59.4,86.8,20.6,Déficience microbienne
26,Alluviaux,6.37,34.7,37.9,4.68,1.76,Moyen,59.7,175.4,215.4,49.6,Déficience microbienne
27,Latéritique,5.89,35.2,20.6,1.05,1.47,Moyen,28.9,154.0,194.5,65.7,Fusariose vasculaire
28,Latéritique,6.24,28.2,33.6,1.86,1.95,Moyen,68.2,145.3,115.3,39.3,Déficience microbienne
29,Latéritique,7.2,31.2,18.4,2.11,1.9,Mauvais,54.8,117.0,91.7,50.8,Déficience microbienne
30,Sableux,6.98,31.4,20.4,1.38,1.14,Moyen,37.9,120.2,85.9,21.7,Déficience microbienne
31,Calcaire,8.31,38.1,27.3,2.37,2.02,Moyen,55.1,157.8,280.0,65.1,Déficience microbienne
32,Calcaire,8.3,38.9,16.8,1.56,1.19,Bon,58.9,74.0,243.1,57.1,Déficience microbienne
33,Alluviaux,6.43,30.9,30.6,2.11,2.15,Bon,38.0,119.1,204.4,66.2,Déficience microbienne
34,Calcaire,7.72,36.2,11.7,1.08,2.06,Moyen,57.0,140.1,295.2,78.8,Déficience microbienne
35,Sableux,6.03,33.2,25.9,0.77,0.71,Bon,13.1,52.5,146.3,43.4,Déficience microbienne
36,Sableux,6.39,34.1,13.5,0.66,0.45,Mauvais,32.0,121.5,116.0,21.2,Déficience microbienne
37,Alluviaux,7.43,32.4,41.1,3.84,1.34,Bon,32.4,153.4,251.6,20.9,Déficience microbienne
38,Calcaire,7.62,30.5,10.8,2.28,2.41,Mauvais,53.7,80.8,248.3,53.7,Déficience microbienne
39,Latéritique,5.85,32.3,23.0,2.23,1.45,Moyen,22.3,97.5,155.1,45.2,Fusariose vasculaire
40,Alluviaux,7.28,31.6,33.3,2.21,1.78,Bon,21.3,187.9,288.0,54.5,Déficience microbienne
41,Alluviaux,6.58,31.4,39.2,3.64,2.38,Bon,39.3,244.2,281.1,31.7,Déficience microbienne
42,Calcaire,7.57,31.0,10.4,1.14,2.37,Moyen,33.6,105.1,319.0,31.2,Déficience microbienne
43,Latéritique,7.13,30.8,17.4,2.39,1.44,Mauvais,63.9,133.5,176.4,34.1,Déficience microbienne
44,Alluviaux,6.27,32.5,46.1,4.97,1.33,Mauvais,38.6,216.5,168.2,75.8,Pourriture des racines
45,Alluviaux,7.29,29.3,45.0,4.26,0.71,Bon,65.1,175.8,265.3,39.2,Déficience microbienne
46,Calcaire,8.4,33.9,10.2,2.36,1.18,Moyen,46.0,174.5,340.1,58.7,Déficience microbienne
47,Sableux,6.26,34.5,15.9,0.83,1.04,Mauvais,40.1,129.2,129.0,13.6,Déficience microbienne
48,Sableux,5.99,30.6,21.0,0.94,1.34,Bon,24.0,61.7,64.3,40.5,Déficience microbienne
49,Calcaire,8.12,31.0,11.7,2.05,1.15,Mauvais,71.1,147.7,166.3,34.2,Flétrissure bactérienne
50,Alluviaux,7.48,28.7,37.4,4.44,2.39,Moyen,69.3,213.0,175.3,25.0,Déficience microbienne
51,Alluviaux,7.17,30.6,38.5,4.72,0.72,Bon,44.6,101.7,193.7,23.4,Déficience microbienne
52,Alluviaux,6.18,26.2,43.0,4.24,1.67,Moyen,68.1,156.2,157.1,72.1,Déficience microbienne
53,Sableux,5.45,39.6,10.2,1.47,0.16,Moyen,45.6,102.8,149.3,13.0,Déficience microbienne
54,Sableux,6.11,39.7,20.5,1.13,1.07,Moyen,28.2,112.8,108.4,46.0,Déficience microbienne
55,Latéritique,5.59,30.8,34.0,2.78,1.18,Mauvais,51.0,87.7,102.6,43.2,Déficience microbienne
56,Latéritique,6.21,33.8,16.6,2.95,1.98,Moyen,54.9,113.6,117.1,60.7,Fusariose vasculaire
57,Alluviaux,7.03,26.6,48.2,4.47,2.4,Bon,56.3,192.0,183.6,76.0,Déficience microbienne
58,Sableux,6.73,30.5,10.5,0.88,1.23,Mauvais,49.5,65.0,109.4,25.2,Déficience microbienne
59,Latéritique,7.44,36.4,31.8,1.94,1.12,Mauvais,33.7,65.6,183.8,60.6,Fusariose vasculaire
60,Calcaire,8.5,40.0,21.1,2.15,2.89,Moyen,72.5,97.2,240.1,36.5,Déficience microbienne
61,Sableux,6.91,36.1,14.6,1.17,0.97,Mauvais,24.3,61.4,117.2,30.8,Déficience microbienne
62,Latéritique,7.04,33.2,32.0,2.1,1.34,Mauvais,63.8,100.3,96.1,21.4,Fusariose vasculaire
63,Calcaire,8.26,36.2,24.1,1.32,1.27,Bon,30.7,108.6,268.0,49.6,Déficience microbienne
64,Calcaire,7.94,39.0,17.0,1.77,2.57,Moyen,49.8,138.4,322.5,77.5,Déficience microbienne
65,Sableux,5.29,39.3,19.8,0.76,0.74,Moyen,49.2,99.3,82.9,35.3,Nématodose
66,Alluviaux,6.36,25.8,32.6,2.38,0.8,Bon,26.9,196.1,136.4,40.7,Déficience microbienne
67,Latéritique,7.29,32.7,28.4,1.34,0.79,Mauvais,22.0,76.9,113.4,28.9,Fusariose vasculaire
68,Latéritique,5.68,29.2,24.2,1.41,1.05,Moyen,45.2,129.0,84.7,60.0,Déficience microbienne
69,Calcaire,8.13,30.8,27.5,2.38,1.12,Mauvais,43.8,158.7,299.7,39.2,Flétrissure bactérienne
70,Sableux,5.42,33.7,19.7,1.12,0.62,Bon,28.5,124.7,53.7,20.1,Déficience microbienne
71,Alluviaux,7.07,34.0,40.2,3.6,0.71,Mauvais,42.4,179.9,148.5,36.2,Pourriture des racines
72,Calcaire,7.88,30.2,16.4,1.32,1.65,Bon,36.0,168.0,268.7,64.0,Déficience microbienne
73,Alluviaux,7.18,30.0,31.7,3.61,1.67,Mauvais,57.3,164.7,125.5,37.0,Déficience microbienne
74,Calcaire,7.86,36.5,21.4,1.53,2.97,Moyen,60.3,96.1,170.4,37.6,Déficience microbienne
75,Alluviaux,6.37,26.6,33.7,2.86,0.85,Mauvais,64.8,112.0,204.9,44.6,Déficience microbienne
76,Calcaire,8.48,31.1,18.0,2.45,2.73,Mauvais,70.9,98.4,184.2,63.4,Flétrissure bactérienne
77,Alluviaux,7.39,30.6,41.4,2.84,2.04,Mauvais,29.4,148.6,185.1,50.5,Pourriture des racines
78,Latéritique,5.98,29.1,27.2,1.58,1.37,Moyen,27.7,108.1,143.9,22.6,Déficience microbienne
79,Alluviaux,6.5,26.3,31.3,4.97,1.14,Bon,60.5,138.2,236.3,65.6,Déficience microbienne
80,Calcaire,8.1,34.7,18.2,1.52,2.86,Bon,71.5,176.2,174.9,66.5,Déficience microbienne
81,Sableux,6.88,31.8,11.3,1.24,0.9,Moyen,43.7,64.0,129.5,18.1,Déficience microbienne
82,Calcaire,7.66,31.6,26.3,2.0,2.05,Moyen,47.9,166.5,228.5,70.8,Déficience microbienne
83,Sableux,5.88,33.8,19.3,0.8,1.15,Bon,30.1,73.2,140.0,25.4,Déficience microbienne
84,Sableux,6.09,39.1,22.5,0.62,1.42,Bon,35.1,83.5,63.9,41.8,Nématodose
85,Sableux,6.24,35.3,27.9,1.29,0.31,Mauvais,22.5,74.8,124.4,11.3,Déficience microbienne
86,Sableux,6.14,37.6,27.5,0.84,1.25,Moyen,14.4,134.6,62.7,25.9,Nématodose
87,Latéritique,7.09,29.5,19.6,2.44,1.58,Mauvais,52.1,129.4,145.1,32.6,Déficience microbienne
88,Calcaire,7.85,31.8,28.2,1.88,1.8,Moyen,53.1,174.2,180.7,59.3,Déficience microbienne
89,Alluviaux,6.76,31.1,30.4,4.62,2.36,Bon,48.3,204.5,284.5,62.4,Déficience microbienne
90,Alluviaux,6.23,30.8,42.1,3.27,1.97,Mauvais,66.7,238.8,190.2,26.8,Pourriture des racines
91,Calcaire,8.48,38.4,12.5,2.38,2.74,Bon,55.9,135.0,229.8,32.7,Déficience microbienne
92,Alluviaux,6.5,33.0,30.1,3.0,1.3,Bon,46.9,238.0,169.3,40.8,Déficience microbienne
93,Alluviaux,7.11,29.5,34.5,3.36,0.78,Bon,28.8,174.8,183.8,74.9,Déficience microbienne
94,Sableux,5.72,35.8,22.6,0.51,1.03,Moyen,17.1,146.1,64.9,26.6,Déficience microbienne
95,Sableux,5.17,40.0,20.0,1.1,0.19,Bon,40.0,71.0,139.8,18.2,Déficience microbienne
96,Latéritique,5.88,28.4,24.4,2.13,0.6,Mauvais,58.8,105.3,142.9,42.0,Déficience microbienne
97,Sableux,5.8,35.6,13.1,0.68,1.31,Bon,47.8,87.3,77.1,35.8,Déficience microbienne
98,Calcaire,7.91,30.3,13.1,2.07,2.32,Moyen,31.4,94.4,196.2,63.6,Déficience microbienne
99,Calcaire,7.52,31.0,26.0,1.27,2.31,Moyen,41.9,80.9,198.6,66.1,Déficience microbienne
100,Latéritique,7.21,36.3,22.9,2.34,0.81,Moyen,34.7,149.6,81.6,24.3,Fusariose vasculaire
101,Sableux,5.42,30.3,13.6,1.08,0.69,Moyen,45.7,131.7,84.2,20.4,Déficience microbienne
102,Sableux,5.76,35.9,15.4,1.12,0.67,Bon,32.1,93.6,79.4,47.9,Déficience microbienne
103,Sableux,6.53,31.4,27.4,0.99,1.35,Mauvais,42.0,92.5,52.2,20.7,Déficience microbienne
104,Calcaire,8.04,36.3,15.2,1.21,2.67,Bon,79.2,127.8,184.3,43.6,Déficience microbienne
105,Alluviaux,6.03,34.1,32.4,3.73,1.05,Bon,47.7,197.7,265.9,32.4,Déficience microbienne
106,Alluviaux,6.02,26.4,48.0,4.62,1.69,Mauvais,50.0,199.8,135.1,74.9,Pourriture des racines
107,Calcaire,7.92,33.8,20.4,1.07,1.33,Moyen,66.9,79.1,270.6,42.3,Déficience microbienne
108,Alluviaux,6.58,27.9,37.1,4.16,1.09,Bon,48.3,171.4,232.7,76.2,Déficience microbienne
109,Alluviaux,7.1,27.1,30.6,2.79,1.69,Bon,22.6,174.5,219.4,40.1,Déficience microbienne
110,Alluviaux,7.16,26.1,31.5,4.18,1.49,Bon,54.4,165.2,149.3,69.1,Déficience microbienne
111,Latéritique,7.1,34.9,20.4,2.18,1.04,Moyen,24.6,151.7,96.4,67.5,Fusariose vasculaire
112,Sableux,5.89,31.9,20.8,1.37,1.13,Moyen,42.3,115.9,119.2,44.0,Déficience microbienne
113,Sableux,5.5,34.9,14.4,1.49,1.42,Mauvais,11.6,120.6,142.5,17.2,Déficience microbienne
114,Sableux,6.14,39.2,10.7,1.2,0.52,Bon,47.0,147.1,144.4,29.0,Déficience microbienne
115,Alluviaux,7.29,33.4,36.4,4.49,0.57,Moyen,49.8,134.5,124.1,24.6,Déficience microbienne
116,Calcaire,8.2,33.4,24.5,1.1,1.63,Bon,57.0,157.0,213.8,61.3,Déficience microbienne
117,Sableux,6.77,36.2,14.7,0.52,1.32,Mauvais,10.9,137.5,102.9,47.6,Nématodose
118,Sableux,6.6,40.0,17.0,1.27,0.66,Moyen,29.2,112.8,137.4,49.4,Déficience microbienne
119,Calcaire,8.27,34.2,18.4,2.11,1.48,Moyen,35.5,109.0,207.4,44.8,Déficience microbienne
120,Calcaire,7.73,30.4,10.4,2.48,1.86,Moyen,49.2,144.8,193.7,77.5,Déficience microbienne
121,Sableux,6.57,30.9,18.4,1.38,1.42,Moyen,28.7,111.3,66.7,49.6,Déficience microbienne
122,Alluviaux,6.35,34.4,43.0,3.82,1.53,Moyen,31.5,126.5,144.1,31.2,Déficience microbienne
123,Latéritique,7.06,31.5,16.2,2.94,1.83,Mauvais,66.4,159.5,100.9,39.8,Déficience microbienne
124,Calcaire,8.26,37.0,13.1,2.22,1.45,Moyen,41.2,129.1,268.6,59.0,Déficience microbienne
125,Latéritique,5.68,36.8,20.3,1.26,1.83,Moyen,67.8,146.2,177.1,52.8,Fusariose vasculaire
126,Alluviaux,6.83,25.9,38.2,3.12,1.02,Bon,56.2,174.4,116.2,33.2,Déficience microbienne
127,Latéritique,6.87,28.8,32.0,1.99,1.22,Moyen,49.6,142.5,121.7,53.9,Déficience microbienne
128,Sableux,6.13,32.7,27.6,1.3,1.02,Bon,44.0,136.7,120.8,43.5,Déficience microbienne
129,Sableux,6.39,36.8,22.4,1.25,0.32,Bon,45.2,137.2,52.9,43.0,Déficience microbienne
130,Calcaire,7.63,33.4,24.9,1.24,2.64,Moyen,71.6,125.8,151.3,44.4,Déficience microbienne
131,Calcaire,8.12,39.8,22.6,1.39,2.27,Mauvais,57.0,155.8,171.4,68.1,Flétrissure bactérienne
132,Sableux,6.08,39.6,16.8,1.13,1.4,Mauvais,14.1,143.7,118.8,12.7,Déficience microbienne
133,Latéritique,6.1,35.1,16.3,2.16,1.02,Moyen,51.0,64.6,184.6,68.7,Fusariose vasculaire
134,Alluviaux,7.45,32.5,32.6,4.27,0.55,Mauvais,21.1,148.5,197.7,66.2,Déficience microbienne
135,Latéritique,6.87,32.5,20.5,2.99,1.14,Mauvais,42.6,76.4,175.4,54.7,Fusariose vasculaire
136,Sableux,5.44,30.8,23.6,1.15,0.48,Moyen,48.0,65.1,93.2,47.7,Déficience microbienne
137,Latéritique,6.34,34.4,23.0,1.55,1.98,Mauvais,40.5,149.4,107.6,30.7,Fusariose vasculaire
138,Sableux,5.06,36.5,17.4,1.36,0.76,Mauvais,48.7,68.6,136.9,41.1,Déficience microbienne
139,Calcaire,8.27,38.4,25.2,1.94,1.26,Moyen,31.6,171.3,273.3,69.8,Déficience microbienne
140,Sableux,5.96,31.2,12.5,1.19,0.7,Mauvais,18.0,99.2,56.4,33.3,Déficience microbienne
141,Calcaire,7.77,38.0,16.2,1.68,1.02,Moyen,33.6,113.2,246.0,60.0,Déficience microbienne
142,Calcaire,7.79,36.9,27.2,2.17,1.08,Mauvais,54.0,81.5,198.4,79.3,Déficience microbienne
143,Calcaire,7.64,35.0,22.4,2.05,2.12,Moyen,30.5,105.9,253.5,34.4,Déficience microbienne
144,Latéritique,6.2,28.3,16.6,1.79,0.7,Mauvais,48.4,128.9,176.1,30.0,Déficience microbienne
145,Latéritique,5.83,29.0,27.7,2.41,0.55,Mauvais,66.8,65.2,145.0,55.5,Déficience microbienne
146,Sableux,6.74,37.1,26.0,0.84,1.24,Bon,13.2,139.5,104.8,42.7,Nématodose
147,Alluviaux,6.68,31.4,40.5,4.19,0.66,Mauvais,23.0,137.1,131.9,72.3,Pourriture des racines
148,Sableux,5.44,39.8,16.7,0.68,1.21,Bon,36.3,99.8,105.5,38.8,Nématodose
149,Calcaire,7.73,40.0,29.5,1.98,1.4,Moyen,64.0,77.9,156.1,42.9,Déficience microbienne
150,Latéritique,6.43,36.7,29.5,2.49,1.14,Moyen,37.3,97.1,198.5,22.0,Fusariose vasculaire
151,Alluviaux,7.3,30.8,38.8,4.18,1.47,Moyen,63.7,235.1,184.3,36.6,Déficience microbienne
152,Alluviaux,6.89,34.1,34.2,3.87,1.76,Moyen,56.7,119.7,243.2,74.5,Déficience microbienne
153,Sableux,5.36,32.4,29.4,0.68,1.3,Bon,29.7,74.7,137.1,27.8,Déficience microbienne
154,Calcaire,8.01,33.6,21.9,1.25,1.78,Moyen,78.5,98.4,281.3,46.3,Déficience microbienne
155,Latéritique,7.05,29.3,34.4,1.91,0.85,Mauvais,23.7,77.0,142.4,36.9,Déficience microbienne
156,Calcaire,8.33,34.3,15.0,1.93,2.41,Moyen,38.4,88.4,157.3,66.8,Déficience microbienne
157,Sableux,6.33,34.7,26.9,1.31,0.92,Moyen,44.7,70.6,61.2,20.8,Déficience microbienne
158,Sableux,5.11,35.3,28.7,0.54,0.27,Mauvais,28.1,143.4,81.6,30.3,Déficience microbienne
159,Calcaire,7.54,31.5,29.7,2.45,1.01,Moyen,77.6,140.3,323.6,52.7,Déficience microbienne
160,Sableux,6.03,34.9,23.3,0.64,0.14,Moyen,22.3,120.5,70.2,36.9,Déficience microbienne
161,Alluviaux,7.45,25.9,43.5,3.33,2.24,Mauvais,28.9,203.9,267.6,76.7,Pourriture des racines
162,Calcaire,8.18,35.0,22.4,2.3,2.14,Mauvais,31.5,172.4,287.9,63.8,Flétrissure bactérienne
163,Calcaire,7.72,36.6,17.9,1.98,1.21,Mauvais,62.9,179.9,159.6,78.9,Déficience microbienne
164,Calcaire,7.91,38.7,25.6,1.85,2.48,Mauvais,73.9,114.5,215.4,63.4,Déficience microbienne
165,Sableux,6.62,37.6,26.0,0.94,1.24,Bon,14.8,104.4,50.6,23.0,Nématodose
166,Latéritique,6.23,32.0,28.9,1.78,1.17,Mauvais,31.9,97.3,107.3,23.7,Déficience microbienne
167,Alluviaux,6.91,31.7,42.4,3.39,1.26,Mauvais,63.2,177.9,195.8,21.5,Pourriture des racines
168,Calcaire,7.84,33.8,18.0,1.87,2.07,Moyen,60.4,154.1,312.6,65.9,Déficience microbienne
169,Sableux,6.91,30.2,13.9,0.51,1.01,Moyen,45.9,74.3,142.7,12.4,Déficience microbienne
170,Sableux,6.87,33.5,12.0,0.99,0.46,Mauvais,21.4,80.7,130.3,31.6,Déficience microbienne
171,Calcaire,7.81,36.1,24.3,1.41,1.83,Bon,36.1,89.9,286.2,39.1,Déficience microbienne
172,Alluviaux,6.79,32.1,32.1,3.7,1.01,Bon,68.1,172.5,261.2,53.0,Déficience microbienne
173,Calcaire,7.54,36.3,29.0,1.9,2.64,Moyen,74.2,95.1,192.4,60.5,Déficience microbienne
174,Calcaire,7.91,38.4,28.0,1.53,1.47,Moyen,69.0,100.2,314.5,51.2,Déficience microbienne
175,Latéritique,6.84,29.0,27.5,1.9,1.38,Mauvais,28.4,133.7,183.5,30.8,Déficience microbienne
176,Latéritique,5.69,28.2,27.8,2.21,1.32,Moyen,31.6,99.1,151.3,44.8,Déficience microbienne
177,Alluviaux,7.48,26.4,43.9,3.21,1.36,Moyen,55.9,203.9,298.3,27.7,Déficience microbienne
178,Latéritique,5.71,35.2,26.6,1.55,0.62,Mauvais,24.3,149.4,103.0,36.2,Fusariose vasculaire
179,Sableux,5.45,33.5,11.4,1.02,0.19,Mauvais,42.0,73.4,104.0,45.2,Déficience microbienne
180,Latéritique,6.8,33.3,21.5,1.67,1.5,Moyen,69.7,126.2,146.9,56.5,Fusariose vasculaire
181,Latéritique,6.43,28.6,26.2,2.92,0.76,Bon,54.5,80.1,144.3,24.8,Déficience microbienne
182,Alluviaux,6.68,32.6,37.0,3.99,2.09,Bon,66.4,135.2,179.9,29.1,Déficience microbienne
183,Latéritique,7.48,37.3,25.8,2.68,1.28,Moyen,51.2,68.9,170.6,26.4,Fusariose vasculaire
184,Sableux,6.65,37.8,24.2,0.54,0.52,Moyen,20.5,86.0,58.8,47.5,Nématodose
185,Calcaire,8.05,33.1,17.9,1.67,2.2,Moyen,55.8,171.1,249.4,79.6,Déficience microbienne
186,Alluviaux,7.28,27.1,48.6,2.35,2.13,Bon,39.0,231.7,273.6,68.4,Déficience microbienne
187,Calcaire,8.29,33.0,11.6,1.6,1.35,Moyen,64.7,108.1,345.1,62.0,Déficience microbienne
188,Sableux,6.64,31.3,27.2,1.42,0.78,Mauvais,34.3,126.5,67.5,30.1,Déficience microbienne
189,Latéritique,6.3,29.5,22.4,1.14,0.54,Mauvais,26.8,156.3,145.9,68.3,Déficience microbienne
190,Sableux,5.86,33.1,20.1,0.94,0.25,Mauvais,35.6,71.6,112.0,36.0,Déficience microbienne
191,Latéritique,5.8,28.6,30.6,1.92,0.59,Mauvais,69.7,65.8,163.4,69.2,Déficience microbienne
192,Alluviaux,6.36,26.4,32.4,2.91,0.7,Bon,54.6,109.3,201.9,79.8,Déficience microbienne
193,Latéritique,7.13,34.2,21.1,2.25,1.29,Mauvais,41.3,73.1,186.4,42.5,Fusariose vasculaire
194,Calcaire,7.69,33.7,18.3,2.24,2.47,Moyen,68.5,71.2,233.2,54.1,Déficience microbienne
195,Alluviaux,6.03,27.6,45.2,2.41,1.57,Moyen,30.8,101.8,148.2,78.6,Déficience microbienne
196,Calcaire,8.3,39.6,19.8,1.16,2.1,Moyen,52.7,162.9,169.6,54.4,Déficience microbienne
197,Latéritique,5.8,31.2,29.7,1.95,1.06,Moyen,39.7,105.9,174.2,64.6,Déficience microbienne
198,Sableux,6.91,37.9,16.3,1.19,0.71,Moyen,20.2,134.1,53.8,46.1,Déficience microbienne
199,Calcaire,7.96,36.4,23.2,2.34,2.27,Moyen,60.7,77.3,253.7,37.5,Déficience microbienne
200,Latéritique,6.97,33.1,28.6,1.08,0.63,Moyen,55.8,67.2,88.6,20.6,Fusariose vasculaire
201,Alluviaux,7.43,32.4,37.1,2.89,1.2,Moyen,58.7,199.2,137.0,30.4,Déficience microbienne
202,Alluviaux,6.15,31.6,45.3,2.8,0.54,Moyen,24.1,245.2,159.1,66.2,Déficience microbienne
203,Calcaire,8.12,33.8,14.1,1.18,2.23,Moyen,68.7,140.8,256.1,32.1,Déficience microbienne
204,Latéritique,7.44,36.0,20.9,2.96,1.4,Mauvais,49.1,134.8,177.4,52.8,Fusariose vasculaire
205,Latéritique,5.76,31.4,33.6,1.45,1.06,Bon,41.6,103.9,153.6,67.2,Déficience microbienne
206,Calcaire,7.74,31.2,13.9,2.33,2.29,Moyen,44.3,159.8,322.3,72.3,Déficience microbienne
207,Calcaire,8.42,32.5,25.1,1.69,2.68,Mauvais,66.4,155.4,281.2,38.9,Flétrissure bactérienne
208,Calcaire,8.05,39.8,28.7,1.06,1.33,Bon,36.6,149.9,313.6,40.7,Déficience microbienne
209,Calcaire,8.01,38.4,24.7,1.81,2.18,Mauvais,55.4,102.7,263.0,64.4,Flétrissure bactérienne
210,Sableux,6.75,36.4,25.2,0.66,0.75,Moyen,10.4,74.7,122.6,49.7,Nématodose
211,Calcaire,7.6,34.0,26.0,1.31,2.11,Mauvais,66.7,137.8,187.6,47.8,Déficience microbienne
212,Alluviaux,7.18,30.5,30.1,4.28,0.57,Bon,57.3,130.4,291.6,42.1,Déficience microbienne
213,Calcaire,7.83,31.5,16.1,2.31,2.99,Bon,48.4,119.3,294.4,74.3,Déficience microbienne
214,Sableux,6.19,33.9,18.3,1.2,0.1,Mauvais,34.8,85.5,129.4,13.7,Déficience microbienne
215,Sableux,6.18,34.8,22.8,0.56,0.91,Mauvais,32.5,106.1,110.3,37.1,Déficience microbienne
216,Calcaire,8.3,32.7,26.5,1.75,1.15,Bon,32.9,106.8,307.0,65.4,Déficience microbienne
217,Alluviaux,7.18,30.2,38.8,2.44,1.16,Bon,41.7,113.3,144.1,55.9,Déficience microbienne
218,Calcaire,8.24,40.0,28.7,1.96,1.84,Mauvais,61.8,156.4,173.7,50.5,Flétrissure bactérienne
219,Sableux,6.68,33.8,21.4,1.09,0.36,Moyen,24.5,83.5,52.6,11.0,Déficience microbienne
220,Alluviaux,7.25,27.7,40.4,2.9,2.38,Moyen,33.0,164.4,274.5,70.5,Déficience microbienne
221,Latéritique,5.87,36.0,24.2,1.97,0.7,Mauvais,24.0,132.8,139.6,41.8,Fusariose vasculaire
222,Alluviaux,7.09,32.7,33.2,3.83,0.77,Moyen,57.6,198.5,291.3,24.1,Déficience microbienne
223,Alluviaux,6.09,27.8,35.2,2.74,2.31,Mauvais,32.5,140.8,251.9,47.0,Déficience microbienne
224,Alluviaux,7.17,25.7,39.8,2.1,0.63,Mauvais,65.3,120.9,206.5,44.7,Déficience microbienne
225,Alluviaux,6.52,34.0,30.4,3.99,2.43,Bon,48.0,240.5,110.5,45.1,Déficience microbienne
226,Calcaire,7.76,37.3,29.6,1.38,2.31,Mauvais,39.9,132.2,242.8,78.6,Déficience microbienne
227,Latéritique,6.72,31.5,17.3,1.3,0.84,Mauvais,32.5,145.1,147.3,46.2,Déficience microbienne
228,Alluviaux,6.17,33.6,44.5,2.2,1.92,Moyen,47.2,112.3,191.7,49.1,Déficience microbienne
229,Latéritique,5.83,37.5,32.0,2.34,1.19,Moyen,40.6,125.1,145.5,23.1,Fusariose vasculaire
230,Latéritique,6.53,36.1,24.2,1.1,1.68,Moyen,30.1,85.9,99.8,36.5,Fusariose vasculaire
231,Latéritique,7.01,33.2,19.1,2.76,1.82,Moyen,63.5,83.9,134.1,69.2,Fusariose vasculaire
232,Sableux,6.54,30.3,11.3,0.96,1.37,Bon,31.5,99.8,60.5,36.3,Déficience microbienne
233,Calcaire,8.32,33.8,25.5,2.45,1.41,Moyen,56.2,101.6,308.6,58.9,Déficience microbienne
234,Calcaire,8.13,38.0,17.9,2.37,2.07,Mauvais,37.9,146.5,308.7,45.8,Flétrissure bactérienne
235,Sableux,6.71,39.1,15.5,1.48,0.3,Moyen,18.1,68.4,139.4,36.2,Déficience microbienne
236,Latéritique,5.8,32.4,27.3,1.17,1.82,Mauvais,60.2,110.5,196.1,40.9,Fusariose vasculaire
237,Alluviaux,7.48,31.7,42.7,2.5,2.26,Bon,41.4,124.3,102.5,53.6,Déficience microbienne
238,Alluviaux,6.79,32.2,47.8,2.24,1.96,Bon,29.4,228.7,263.8,52.4,Déficience microbienne
239,Sableux,6.42,33.1,19.4,1.32,0.74,Mauvais,24.3,99.4,132.8,23.4,Déficience microbienne
240,Alluviaux,6.26,32.1,46.5,2.3,0.98,Bon,27.1,152.2,190.1,64.9,Déficience microbienne
241,Latéritique,6.8,34.2,22.0,2.68,1.21,Moyen,69.0,123.4,95.2,53.8,Fusariose vasculaire
242,Alluviaux,6.49,31.9,31.4,2.52,2.21,Mauvais,31.4,225.6,155.9,58.6,Déficience microbienne
243,Alluviaux,7.04,30.1,36.1,2.64,0.57,Moyen,35.2,198.0,287.7,72.3,Déficience microbienne
244,Calcaire,8.27,37.9,23.3,1.39,2.81,Moyen,63.5,131.6,172.2,52.4,Déficience microbienne
245,Latéritique,6.42,36.6,25.9,1.76,1.97,Moyen,25.5,102.3,85.0,57.0,Fusariose vasculaire
246,Sableux,6.84,32.8,27.2,0.79,1.38,Moyen,40.2,130.5,51.8,48.5,Déficience microbienne
247,Alluviaux,7.09,28.0,46.6,2.84,2.25,Moyen,25.6,205.6,208.1,25.8,Déficience microbienne
248,Alluviaux,6.36,25.1,39.4,2.9,1.7,Mauvais,34.9,145.0,248.6,22.9,Déficience microbienne
249,Sableux,6.81,38.5,23.4,1.09,1.35,Mauvais,17.4,57.9,74.0,41.8,Déficience microbienne
250,Sableux,5.07,35.8,29.9,1.36,0.83,Bon,12.5,133.1,109.9,14.6,Déficience microbienne
251,Alluviaux,6.14,34.1,43.4,4.49,2.26,Bon,48.6,177.6,186.1,39.0,Déficience microbienne
252,Alluviaux,6.65,32.7,42.0,4.68,1.39,Bon,50.4,194.7,218.3,62.2,Déficience microbienne
253,Latéritique,5.97,33.1,17.1,1.77,1.23,Moyen,52.6,155.1,152.1,57.2,Fusariose vasculaire
254,Calcaire,8.01,36.3,11.4,1.38,1.72,Moyen,53.6,75.0,178.0,43.8,Déficience microbienne
255,Latéritique,7.44,31.3,24.6,1.39,1.42,Mauvais,34.0,80.7,142.0,20.3,Déficience microbienne
256,Alluviaux,6.01,27.2,30.7,2.32,1.18,Bon,60.1,185.8,202.5,37.6,Déficience microbienne
257,Alluviaux,7.4,29.0,31.7,3.85,0.73,Bon,37.3,176.1,274.8,49.6,Déficience microbienne
258,Sableux,6.4,39.9,12.6,0.77,0.65,Moyen,26.9,91.1,140.8,38.6,Nématodose
259,Sableux,6.22,33.1,26.5,1.46,1.25,Mauvais,10.1,113.6,55.1,20.3,Déficience microbienne
260,Latéritique,5.62,34.0,28.7,1.23,1.08,Moyen,42.8,96.9,94.5,40.9,Fusariose vasculaire
261,Sableux,6.5,30.7,11.6,0.85,1.42,Mauvais,36.7,117.9,86.2,33.7,Déficience microbienne
262,Sableux,5.02,36.4,28.3,1.11,1.32,Mauvais,39.0,62.1,140.2,12.7,Déficience microbienne
263,Calcaire,8.03,31.4,10.2,1.63,1.59,Bon,54.3,133.5,158.7,36.2,Déficience microbienne
264,Sableux,6.12,33.4,24.6,1.15,1.28,Moyen,37.7,93.0,117.3,21.0,Déficience microbienne
265,Calcaire,7.81,37.9,18.9,2.2,2.64,Bon,72.9,170.8,236.2,45.9,Déficience microbienne
266,Sableux,6.16,33.7,22.0,1.21,1.06,Moyen,25.0,66.7,93.1,15.7,Déficience microbienne
267,Calcaire,8.39,33.5,13.1,1.04,2.29,Moyen,61.8,107.5,164.3,50.5,Déficience microbienne
268,Latéritique,6.12,34.8,27.1,1.73,0.83,Mauvais,69.4,105.4,162.6,27.0,Fusariose vasculaire
269,Calcaire,7.99,30.3,20.1,2.45,1.77,Moyen,31.9,73.4,227.6,38.0,Déficience microbienne
270,Sableux,5.05,37.6,19.2,0.79,1.36,Mauvais,14.6,145.6,81.4,45.5,Nématodose
271,Calcaire,8.1,38.3,29.7,1.43,2.92,Mauvais,49.5,112.4,218.1,57.1,Flétrissure bactérienne
272,Sableux,5.31,35.5,20.8,1.26,1.27,Moyen,27.6,80.2,75.9,17.8,Déficience microbienne
273,Latéritique,5.62,31.4,20.4,2.93,1.34,Mauvais,37.4,118.0,96.7,42.2,Déficience microbienne
274,Alluviaux,6.94,29.9,38.0,4.98,2.26,Bon,51.2,185.4,224.1,32.1,Déficience microbienne
275,Calcaire,7.9,30.4,19.5,1.81,1.46,Bon,78.2,170.0,294.4,56.7,Déficience microbienne
276,Calcaire,8.37,31.3,25.8,1.19,2.59,Bon,43.8,166.5,338.8,37.4,Déficience microbienne
277,Latéritique,6.43,37.8,24.7,2.73,1.38,Mauvais,38.8,88.6,104.4,58.1,Fusariose vasculaire
278,Sableux,5.77,35.1,19.8,1.08,1.31,Mauvais,49.2,90.8,132.8,40.6,Déficience microbienne
279,Sableux,6.15,39.6,14.0,0.61,1.3,Moyen,27.6,134.7,139.3,12.5,Nématodose
280,Alluviaux,7.33,29.5,40.2,3.88,2.35,Moyen,21.0,171.5,237.5,63.4,Déficience microbienne
281,Sableux,6.39,31.3,16.0,0.86,1.23,Moyen,21.2,71.1,145.7,10.4,Déficience microbienne
282,Latéritique,7.5,34.8,31.6,1.59,0.52,Bon,56.9,143.4,168.9,27.1,Déficience microbienne
283,Alluviaux,7.13,32.7,43.2,4.3,2.19,Mauvais,50.7,113.3,197.5,24.7,Pourriture des racines
284,Sableux,5.82,34.1,11.3,0.85,0.26,Moyen,42.3,144.8,57.2,48.2,Déficience microbienne
285,Latéritique,6.55,31.0,16.5,2.0,1.69,Mauvais,55.4,65.0,88.7,40.1,Déficience microbienne
286,Alluviaux,6.44,27.3,35.6,4.41,2.36,Moyen,40.3,235.9,164.3,48.6,Déficience microbienne
287,Alluviaux,6.34,31.4,49.6,3.81,1.22,Bon,52.4,118.4,277.7,50.2,Déficience microbienne
288,Latéritique,6.4,33.9,27.5,1.14,1.52,Mauvais,32.1,131.4,178.7,60.2,Fusariose vasculaire
289,Alluviaux,6.83,30.2,32.9,4.33,1.04,Bon,44.8,142.6,126.8,57.8,Déficience microbienne
290,Latéritique,5.61,35.5,21.4,1.0,1.27,Moyen,22.3,87.6,164.8,23.1,Fusariose vasculaire
291,Calcaire,8.34,30.0,14.9,2.11,1.63,Mauvais,35.1,109.6,204.1,72.1,Flétrissure bactérienne
292,Sableux,5.63,37.9,27.8,0.93,1.37,Bon,25.1,146.4,58.9,37.5,Nématodose
293,Alluviaux,6.74,28.9,42.7,4.11,0.51,Bon,28.3,207.0,233.3,78.0,Déficience microbienne
294,Alluviaux,7.14,34.5,44.1,2.89,0.71,Moyen,59.1,196.6,109.6,41.6,Déficience microbienne
295,Alluviaux,7.44,30.0,38.7,3.37,0.92,Bon,38.4,155.5,110.5,66.1,Déficience microbienne
296,Alluviaux,6.62,33.2,47.0,2.64,1.81,Mauvais,43.6,232.0,143.1,60.7,Pourriture des racines
297,Calcaire,8.11,33.0,12.7,1.98,2.48,Moyen,45.8,140.9,229.0,65.7,Déficience microbienne
298,Latéritique,5.9,36.9,20.7,1.74,0.59,Mauvais,25.6,111.6,112.1,61.8,Fusariose vasculaire
299,Latéritique,5.53,31.8,21.7,1.04,0.69,Moyen,40.7,109.3,128.5,46.5,Déficience microbienne
300,Latéritique,6.69,28.1,24.3,2.93,1.28,Mauvais,53.9,91.2,172.9,58.6,Déficience microbienne
301,Calcaire,8.02,39.8,12.5,1.03,2.54,Bon,70.4,83.2,203.1,30.9,Déficience microbienne
302,Alluviaux,6.44,32.7,40.4,3.04,1.24,Bon,20.1,145.0,229.3,78.5,Déficience microbienne
303,Calcaire,8.35,30.2,28.0,2.17,2.56,Moyen,52.9,113.8,210.6,33.3,Déficience microbienne
304,Alluviaux,6.34,27.5,39.7,4.24,1.45,Bon,22.9,243.7,288.5,67.1,Déficience microbienne
305,Sableux,6.98,35.4,29.3,0.58,0.61,Bon,19.0,69.6,64.1,34.9,Déficience microbienne
306,Calcaire,8.28,35.8,12.9,2.22,2.27,Moyen,49.4,144.2,202.0,47.3,Déficience microbienne
307,Calcaire,8.42,32.9,19.4,2.34,2.42,Moyen,33.1,86.2,151.6,61.5,Déficience microbienne
308,Latéritique,6.4,29.3,34.2,2.06,0.86,Moyen,45.0,128.0,89.1,33.7,Déficience microbienne
309,Latéritique,7.11,32.6,25.9,1.87,0.57,Moyen,28.3,104.6,105.1,22.5,Fusariose vasculaire
310,Latéritique,7.19,37.8,30.9,2.71,0.86,Moyen,68.0,79.7,194.2,69.7,Fusariose vasculaire
311,Alluviaux,7.07,34.8,41.4,2.78,1.37,Bon,49.7,111.0,224.5,78.9,Déficience microbienne
312,Latéritique,5.88,35.9,33.2,2.89,1.94,Moyen,46.1,157.7,170.9,28.1,Fusariose vasculaire
313,Calcaire,7.98,37.2,14.9,1.96,2.33,Moyen,38.1,132.2,304.3,54.9,Déficience microbienne
314,Calcaire,7.51,30.1,17.1,2.39,1.46,Bon,61.7,94.4,214.3,72.4,Déficience microbienne
315,Alluviaux,7.09,26.0,38.6,2.09,1.46,Bon,53.1,117.8,157.8,43.9,Déficience microbienne
316,Latéritique,7.34,37.9,15.9,2.52,1.06,Mauvais,39.6,135.4,190.2,67.5,Fusariose vasculaire
317,Calcaire,8.08,33.6,25.8,1.38,2.13,Moyen,47.9,142.2,198.1,39.6,Déficience microbienne
318,Latéritique,7.34,29.0,25.1,1.44,0.56,Moyen,21.8,77.5,184.0,34.1,Déficience microbienne
319,Sableux,6.9,35.8,18.7,1.08,0.82,Mauvais,40.4,78.2,85.3,45.8,Déficience microbienne
320,Calcaire,8.45,38.9,18.4,2.17,1.95,Moyen,54.9,92.5,268.2,39.3,Déficience microbienne
321,Sableux,5.66,38.6,14.1,0.57,0.2,Moyen,47.6,100.7,90.9,42.4,Nématodose
322,Calcaire,8.34,33.3,23.9,2.16,2.31,Moyen,37.6,166.3,257.8,44.1,Déficience microbienne
323,Alluviaux,6.64,25.4,32.6,4.3,0.5,Bon,40.8,178.4,110.9,78.4,Déficience microbienne
324,Sableux,5.45,33.0,16.1,0.73,0.1,Moyen,39.2,146.7,72.4,36.5,Déficience microbienne
325,Alluviaux,7.11,33.5,38.5,2.91,1.15,Bon,55.6,222.5,136.3,42.3,Déficience microbienne
326,Latéritique,7.3,36.1,34.7,2.51,1.09,Moyen,49.5,126.1,89.4,47.2,Fusariose vasculaire
327,Sableux,6.42,31.7,25.6,1.08,1.43,Bon,11.7,76.5,110.2,21.9,Déficience microbienne
328,Alluviaux,7.07,32.6,32.1,3.54,1.52,Bon,38.5,239.9,265.5,61.8,Déficience microbienne
329,Sableux,6.43,34.6,28.4,1.19,1.12,Moyen,44.5,77.4,130.7,17.8,Déficience microbienne
330,Sableux,5.69,33.4,29.6,1.36,1.08,Moyen,39.1,106.2,144.7,29.9,Déficience microbienne
331,Sableux,5.76,31.6,25.7,1.23,0.64,Bon,11.0,133.9,51.1,38.1,Déficience microbienne
332,Latéritique,7.44,32.4,19.7,2.41,1.73,Bon,47.3,156.7,86.2,45.2,Déficience microbienne
333,Calcaire,8.22,38.6,13.6,2.2,2.11,Bon,49.8,84.5,323.1,37.9,Déficience microbienne
334,Alluviaux,6.46,27.9,47.4,4.02,2.09,Moyen,32.5,193.7,214.3,70.0,Déficience microbienne
335,Calcaire,8.41,30.1,23.5,1.08,2.1,Mauvais,44.4,103.7,220.6,61.1,Flétrissure bactérienne
336,Alluviaux,6.5,32.3,38.1,2.21,2.07,Bon,34.3,164.9,237.1,39.9,Déficience microbienne
337,Alluviaux,6.08,28.7,48.9,3.93,1.84,Bon,51.6,129.8,183.7,65.1,Déficience microbienne
338,Alluviaux,6.15,27.8,35.5,3.3,2.46,Bon,23.4,177.8,135.9,78.2,Déficience microbienne
339,Sableux,5.23,34.0,24.8,1.2,0.69,Moyen,23.9,89.8,76.4,18.2,Déficience microbienne
340,Sableux,5.97,32.7,15.7,1.16,1.46,Mauvais,34.1,57.7,57.6,48.1,Déficience microbienne
341,Calcaire,7.8,30.9,22.0,1.94,2.3,Moyen,43.4,71.7,343.0,42.5,Déficience microbienne
342,Latéritique,6.85,35.1,27.2,1.63,0.91,Mauvais,49.9,146.6,193.6,25.3,Fusariose vasculaire
343,Calcaire,7.65,39.4,24.7,2.32,1.41,Moyen,59.4,147.1,286.0,50.4,Déficience microbienne
344,Sableux,5.03,35.8,15.1,0.95,1.44,Bon,26.0,134.0,68.9,36.9,Déficience microbienne
345,Alluviaux,7.47,26.0,30.2,3.3,0.69,Bon,57.4,237.2,186.8,35.5,Déficience microbienne
346,Alluviaux,6.65,32.2,30.2,3.77,1.73,Bon,51.9,136.3,242.8,25.5,Déficience microbienne
347,Calcaire,7.7,38.8,24.8,1.02,1.5,Moyen,40.7,99.8,199.5,33.1,Déficience microbienne
348,Latéritique,6.42,35.3,27.1,2.35,0.62,Mauvais,67.6,143.8,176.6,61.1,Fusariose vasculaire
349,Alluviaux,7.4,30.4,34.0,3.85,1.99,Bon,56.9,178.2,113.7,42.3,Déficience microbienne
350,Calcaire,8.42,35.8,20.8,1.4,1.74,Mauvais,74.8,143.3,307.5,52.7,Flétrissure bactérienne
351,Calcaire,8.13,32.5,24.1,1.64,1.89,Moyen,62.5,173.0,162.8,71.2,Déficience microbienne
352,Calcaire,7.79,34.4,10.4,1.45,2.01,Moyen,32.8,124.0,335.4,35.3,Déficience microbienne
353,Latéritique,7.03,32.1,28.1,1.52,0.74,Mauvais,28.0,67.0,102.3,53.2,Fusariose vasculaire
354,Sableux,6.76,38.1,23.7,0.61,0.5,Bon,22.4,75.0,101.5,31.4,Nématodose
355,Latéritique,6.21,31.5,31.6,2.58,0.96,Mauvais,65.7,155.3,119.2,37.7,Déficience microbienne
356,Latéritique,6.51,37.4,32.5,1.21,1.09,Moyen,47.7,110.3,103.3,62.9,Fusariose vasculaire
357,Alluviaux,7.02,33.4,47.2,4.25,1.38,Moyen,50.5,124.1,234.7,30.8,Déficience microbienne
358,Alluviaux,7.04,27.3,32.4,2.5,0.5,Mauvais,55.9,209.9,203.0,29.7,Déficience microbienne
359,Alluviaux,6.13,25.2,33.3,4.67,0.98,Bon,37.7,115.8,144.5,51.2,Déficience microbienne
360,Sableux,6.22,32.5,11.2,0.89,0.43,Mauvais,18.8,146.0,111.6,32.3,Déficience microbienne
361,Latéritique,6.33,32.3,25.8,2.39,1.55,Mauvais,28.6,110.0,129.4,63.5,Fusariose vasculaire
362,Sableux,6.26,35.3,12.3,1.11,0.26,Bon,23.5,64.3,119.2,18.3,Déficience microbienne
363,Sableux,5.78,39.0,14.1,1.01,0.69,Mauvais,10.7,129.3,56.9,29.0,Déficience microbienne
364,Latéritique,6.62,34.3,28.8,1.51,0.51,Mauvais,56.2,113.6,180.3,61.1,Fusariose vasculaire
365,Calcaire,8.34,34.9,16.7,2.19,1.9,Moyen,39.2,164.0,326.5,53.3,Déficience microbienne
366,Alluviaux,6.11,28.9,46.1,4.71,0.91,Mauvais,23.3,231.6,177.9,52.5,Pourriture des racines
367,Calcaire,8.47,30.7,23.0,1.11,1.75,Mauvais,70.2,117.7,349.4,58.0,Flétrissure bactérienne
368,Alluviaux,6.48,27.2,37.0,3.12,0.64,Moyen,38.5,169.6,244.5,59.4,Déficience microbienne
369,Alluviaux,7.06,25.1,34.4,3.99,1.47,Mauvais,20.3,220.7,254.6,52.9,Déficience microbienne
370,Alluviaux,6.1,32.7,41.7,4.35,2.0,Bon,60.2,177.7,128.1,60.3,Déficience microbienne
371,Latéritique,6.74,35.4,18.4,1.39,1.84,Moyen,57.5,150.8,171.0,49.9,Fusariose vasculaire
372,Sableux,6.31,38.9,21.6,1.13,0.32,Mauvais,29.0,121.6,77.1,18.1,Déficience microbienne
373,Latéritique,6.13,30.4,19.3,1.85,1.86,Moyen,45.4,78.8,89.2,54.8,Déficience microbienne
374,Alluviaux,6.57,33.2,43.2,4.39,1.04,Bon,54.6,139.6,287.8,58.2,Déficience microbienne
375,Alluviaux,6.49,27.7,33.8,4.08,0.94,Mauvais,49.8,139.7,232.4,68.9,Déficience microbienne
376,Sableux,6.56,37.6,13.8,0.59,1.08,Moyen,24.7,93.2,53.1,20.4,Nématodose
377,Latéritique,5.57,36.8,19.9,2.11,0.56,Moyen,53.3,92.3,187.8,64.4,Fusariose vasculaire
378,Sableux,5.65,39.0,29.9,1.33,1.28,Mauvais,20.0,107.7,56.7,13.8,Déficience microbienne
379,Alluviaux,7.5,28.3,45.0,4.42,2.22,Mauvais,69.9,136.2,108.1,44.7,Pourriture des racines
380,Sableux,5.26,30.2,17.2,1.28,0.89,Moyen,22.5,115.4,73.2,10.6,Déficience microbienne
381,Alluviaux,7.15,31.2,45.2,2.12,2.17,Bon,51.0,184.5,224.9,71.9,Déficience microbienne
382,Calcaire,8.09,35.8,29.8,2.14,1.88,Moyen,65.4,112.8,195.8,59.8,Déficience microbienne
383,Alluviaux,7.39,34.3,36.8,3.58,0.92,Moyen,69.8,247.2,229.9,68.3,Déficience microbienne
384,Sableux,6.43,35.9,11.1,0.95,1.04,Bon,37.1,87.3,144.2,16.7,Déficience microbienne
385,Calcaire,8.0,36.9,23.9,1.97,1.55,Mauvais,37.8,140.0,269.9,39.0,Déficience microbienne
386,Alluviaux,7.06,29.6,43.4,4.51,0.84,Mauvais,21.0,216.9,221.9,62.0,Pourriture des racines
387,Alluviaux,7.26,33.0,49.2,3.61,1.48,Bon,40.1,123.1,214.5,36.6,Déficience microbienne
388,Calcaire,8.42,35.8,21.9,1.53,1.1,Mauvais,31.6,116.6,166.9,60.3,Flétrissure bactérienne
389,Latéritique,7.26,36.8,28.2,1.42,1.79,Mauvais,64.3,79.7,168.5,34.3,Fusariose vasculaire
390,Alluviaux,7.2,35.0,30.6,4.69,1.75,Bon,68.7,169.8,269.5,23.7,Déficience microbienne
391,Sableux,5.67,30.7,29.5,1.32,1.29,Moyen,47.5,58.5,88.6,12.8,Déficience microbienne
392,Sableux,5.42,32.3,19.4,0.77,0.24,Moyen,16.7,64.7,147.3,40.4,Déficience microbienne
393,Calcaire,8.47,34.4,15.6,2.2,1.65,Moyen,45.0,95.6,175.9,42.8,Déficience microbienne
394,Latéritique,6.21,34.7,16.3,1.42,1.71,Mauvais,27.3,94.3,183.8,27.7,Fusariose vasculaire
395,Latéritique,5.67,32.8,21.0,2.13,1.71,Moyen,26.9,118.1,140.7,27.2,Fusariose vasculaire
396,Alluviaux,6.94,27.7,39.8,2.25,1.42,Mauvais,35.3,223.4,111.4,45.1,Déficience microbienne
397,Calcaire,7.96,37.3,21.5,2.0,2.55,Moyen,73.1,104.5,257.6,72.0,Déficience microbienne
398,Calcaire,8.49,38.9,17.4,1.29,1.98,Moyen,67.1,124.2,246.6,71.9,Déficience microbienne
399,Calcaire,7.86,38.6,18.1,1.49,1.91,Mauvais,68.1,83.9,189.3,77.6,Déficience microbienne
400,Latéritique,5.85,33.7,26.6,1.98,1.47,Mauvais,31.5,115.3,124.7,53.1,Fusariose vasculaire
401,Alluviaux,6.21,30.7,33.7,2.84,0.94,Bon,29.1,223.9,157.1,75.6,Déficience microbienne
402,Latéritique,7.44,33.7,17.9,1.75,1.7,Mauvais,38.4,68.7,146.8,62.3,Fusariose vasculaire
403,Latéritique,7.09,29.8,28.5,1.44,0.83,Mauvais,63.7,85.0,111.6,20.0,Déficience microbienne
404,Alluviaux,7.31,32.9,42.5,4.25,0.8,Mauvais,42.9,152.7,118.8,49.2,Pourriture des racines
405,Alluviaux,7.38,25.4,35.8,2.62,0.98,Moyen,65.4,170.2,193.3,65.6,Déficience microbienne
406,Latéritique,5.81,32.9,23.6,2.19,2.0,Moyen,58.5,99.8,179.3,28.5,Fusariose vasculaire
407,Alluviaux,6.05,27.0,36.8,3.53,1.73,Bon,65.5,176.5,200.3,23.0,Déficience microbienne
408,Latéritique,5.57,33.5,23.8,2.68,0.74,Mauvais,21.2,104.9,108.5,22.5,Fusariose vasculaire
409,Calcaire,8.22,31.1,22.2,1.42,1.35,Moyen,49.0,158.2,228.4,67.5,Déficience microbienne
410,Calcaire,7.63,37.7,14.7,2.02,2.13,Mauvais,76.5,112.6,163.2,31.0,Déficience microbienne
411,Alluviaux,7.24,30.2,45.5,2.7,1.19,Bon,21.5,244.2,233.6,76.0,Déficience microbienne
412,Alluviaux,6.4,31.1,43.6,2.95,2.2,Moyen,67.4,232.7,247.8,36.6,Déficience microbienne
413,Alluviaux,6.42,34.6,30.2,4.15,1.91,Bon,51.1,248.5,162.4,40.4,Déficience microbienne
414,Calcaire,7.58,34.4,15.2,1.52,2.67,Moyen,76.8,90.4,224.5,76.4,Déficience microbienne
415,Sableux,5.12,30.9,13.3,1.1,0.31,Bon,48.7,94.7,100.2,19.9,Déficience microbienne
416,Latéritique,6.44,34.6,30.0,2.51,1.37,Mauvais,65.2,141.7,170.8,22.8,Fusariose vasculaire
417,Alluviaux,6.01,27.1,43.3,3.23,1.3,Bon,64.2,234.3,281.8,38.8,Déficience microbienne
418,Alluviaux,7.04,27.7,33.8,2.55,1.18,Bon,41.5,224.6,124.0,64.1,Déficience microbienne
419,Calcaire,8.03,32.9,19.9,1.45,2.19,Moyen,51.7,88.1,173.3,57.3,Déficience microbienne
420,Calcaire,8.4,33.4,24.7,1.99,2.86,Bon,71.0,132.3,281.4,74.9,Déficience microbienne
421,Latéritique,6.3,31.3,15.2,2.65,1.7,Moyen,25.2,117.7,135.7,25.9,Déficience microbienne
422,Alluviaux,7.47,27.1,31.3,3.78,1.98,Moyen,21.6,198.8,206.5,26.2,Déficience microbienne
423,Latéritique,5.85,33.7,20.9,2.88,1.73,Mauvais,69.2,86.0,196.4,41.6,Fusariose vasculaire
424,Alluviaux,6.52,25.5,31.1,4.08,1.42,Mauvais,31.3,192.1,150.6,54.7,Déficience microbienne
425,Alluviaux,6.54,33.2,46.4,3.43,1.2,Mauvais,38.1,220.9,165.6,32.5,Pourriture des racines
426,Sableux,5.17,34.7,19.6,1.34,0.41,Moyen,25.2,130.8,132.4,25.4,Déficience microbienne
427,Calcaire,7.96,33.0,28.7,1.18,2.87,Moyen,64.2,128.5,156.5,53.8,Déficience microbienne
428,Latéritique,6.32,29.6,28.1,2.94,1.34,Mauvais,55.7,66.8,130.1,25.8,Déficience microbienne
429,Sableux,6.23,39.4,23.2,0.58,0.6,Moyen,32.0,90.3,133.4,42.6,Nématodose
430,Sableux,6.22,33.7,15.1,0.61,0.6,Mauvais,26.5,117.6,115.8,12.8,Déficience microbienne
431,Sableux,5.79,31.8,13.1,1.33,0.16,Moyen,26.8,66.8,137.9,32.3,Déficience microbienne
432,Latéritique,5.96,33.0,29.6,2.92,0.83,Mauvais,64.3,153.4,190.0,51.8,Fusariose vasculaire
433,Sableux,6.26,34.0,25.0,1.03,1.05,Moyen,27.1,123.1,132.4,15.9,Déficience microbienne
434,Sableux,6.67,35.4,26.9,0.93,0.63,Bon,46.6,75.1,134.4,29.4,Déficience microbienne
435,Latéritique,6.53,31.1,26.5,1.65,0.56,Moyen,33.6,60.6,197.4,68.3,Déficience microbienne
436,Calcaire,7.9,37.3,16.9,2.01,2.61,Moyen,77.3,114.0,306.7,43.3,Déficience microbienne
437,Calcaire,8.49,30.3,22.1,1.99,2.38,Bon,36.0,173.2,186.2,61.1,Déficience microbienne
438,Sableux,5.45,33.1,20.9,0.92,0.32,Moyen,16.8,91.8,125.7,45.9,Déficience microbienne
439,Alluviaux,6.13,28.9,32.0,2.05,1.82,Moyen,50.1,124.5,146.8,21.4,Déficience microbienne
440,Calcaire,8.33,39.7,12.7,1.35,2.74,Moyen,76.3,116.2,160.1,32.0,Déficience microbienne
441,Calcaire,8.07,33.9,10.6,1.87,1.02,Moyen,69.4,103.7,158.1,59.4,Déficience microbienne
442,Latéritique,6.3,37.7,25.9,1.55,1.56,Moyen,33.6,150.4,125.0,47.5,Fusariose vasculaire
443,Sableux,5.1,34.3,26.6,1.31,0.41,Mauvais,19.0,131.7,143.0,13.8,Déficience microbienne
444,Alluviaux,6.68,28.4,47.4,2.25,0.92,Mauvais,57.6,107.7,198.5,46.5,Pourriture des racines
445,Calcaire,7.83,33.9,20.6,1.24,2.14,Bon,70.3,153.6,180.8,37.5,Déficience microbienne
446,Latéritique,6.04,31.6,23.2,2.36,0.59,Mauvais,21.7,99.2,163.7,29.7,Déficience microbienne
447,Latéritique,6.78,30.6,32.7,2.79,0.95,Mauvais,31.5,101.1,108.9,53.6,Déficience microbienne
448,Alluviaux,7.24,31.7,46.5,3.19,0.81,Moyen,56.9,154.1,234.3,36.2,Déficience microbienne
449,Alluviaux,6.12,34.9,33.1,4.97,2.45,Mauvais,59.7,198.9,215.6,72.0,Déficience microbienne
450,Calcaire,7.79,34.7,22.4,1.62,1.85,Mauvais,46.5,132.1,320.1,40.1,Déficience microbienne
451,Alluviaux,7.4,31.9,46.5,3.67,2.06,Bon,20.8,222.8,108.0,73.4,Déficience microbienne
452,Alluviaux,7.49,27.9,34.2,4.3,1.01,Moyen,63.3,115.4,125.2,78.7,Déficience microbienne
453,Latéritique,6.85,36.5,21.5,2.35,1.39,Mauvais,50.2,128.3,149.0,41.5,Fusariose vasculaire
454,Latéritique,6.05,35.7,19.5,2.38,0.85,Bon,51.3,134.7,106.2,23.0,Déficience microbienne
455,Alluviaux,6.2,31.1,47.0,2.13,1.97,Bon,37.1,171.8,285.8,39.9,Déficience microbienne
456,Sableux,5.93,30.1,11.6,0.76,0.14,Mauvais,35.3,92.6,104.8,17.0,Déficience microbienne
457,Alluviaux,6.44,31.6,49.3,2.15,2.28,Mauvais,48.8,184.6,200.1,24.2,Pourriture des racines
458,Latéritique,5.68,34.0,21.8,2.83,1.11,Mauvais,27.2,131.5,115.2,46.3,Fusariose vasculaire
459,Calcaire,8.2,39.0,25.8,2.01,2.36,Moyen,77.3,102.5,150.2,43.6,Déficience microbienne
460,Latéritique,5.94,34.6,27.7,2.19,0.52,Moyen,56.4,92.4,159.8,47.8,Fusariose vasculaire
461,Calcaire,7.84,31.3,11.9,2.25,2.84,Moyen,62.5,81.4,230.4,66.4,Déficience microbienne
462,Calcaire,8.28,31.2,10.0,2.07,1.71,Moyen,42.7,71.4,258.1,72.6,Déficience microbienne
463,Sableux,6.92,35.7,20.3,0.59,0.87,Moyen,25.2,110.7,88.9,19.6,Déficience microbienne
464,Alluviaux,6.14,28.1,31.9,2.53,2.47,Bon,42.2,179.8,274.7,79.7,Déficience microbienne
465,Latéritique,6.67,36.1,21.5,1.61,1.1,Mauvais,53.6,128.2,117.8,26.7,Fusariose vasculaire
466,Sableux,6.26,31.3,21.6,1.19,1.08,Mauvais,40.1,137.3,100.0,39.2,Déficience microbienne
467,Latéritique,6.74,29.9,15.5,1.57,1.16,Mauvais,50.9,145.0,103.5,26.3,Déficience microbienne
468,Calcaire,8.46,31.1,19.6,1.88,2.08,Moyen,34.3,76.3,171.1,59.3,Déficience microbienne
469,Latéritique,6.59,30.3,27.8,2.64,0.56,Mauvais,44.9,128.9,110.3,35.4,Déficience microbienne
470,Latéritique,6.73,37.0,31.2,2.17,1.6,Mauvais,38.2,124.1,135.9,29.5,Fusariose vasculaire
471,Latéritique,6.9,33.6,22.2,2.82,0.53,Mauvais,35.8,65.7,172.0,55.1,Fusariose vasculaire
472,Alluviaux,6.5,31.8,37.9,4.27,1.41,Mauvais,40.6,240.2,150.2,27.2,Déficience microbienne
473,Latéritique,6.67,37.7,22.6,1.12,1.01,Mauvais,45.3,76.2,159.0,69.9,Fusariose vasculaire
474,Latéritique,6.4,31.5,23.0,1.23,1.82,Mauvais,40.7,98.7,159.2,42.1,Déficience microbienne
475,Alluviaux,6.97,25.6,46.3,4.82,1.8,Mauvais,67.7,122.7,195.5,56.1,Pourriture des racines
476,Calcaire,8.08,34.0,16.8,1.19,1.78,Mauvais,38.1,150.8,191.8,32.9,Flétrissure bactérienne
477,Calcaire,8.05,36.0,27.4,1.87,1.69,Mauvais,70.2,129.4,165.9,58.3,Flétrissure bactérienne
478,Alluviaux,7.36,29.0,35.9,2.43,0.8,Mauvais,41.6,189.4,116.1,76.4,Déficience microbienne
479,Latéritique,7.01,33.9,31.6,1.16,1.22,Bon,51.5,142.9,174.0,33.9,Déficience microbienne
480,Alluviaux,7.41,26.2,47.5,4.91,0.85,Bon,56.1,106.0,181.1,51.0,Déficience microbienne
481,Sableux,6.16,39.4,23.4,0.98,1.23,Moyen,48.0,52.2,148.3,13.4,Nématodose
482,Latéritique,7.13,30.8,17.6,1.88,1.47,Mauvais,39.0,65.5,151.9,65.1,Déficience microbienne
483,Latéritique,6.27,30.2,23.9,1.1,1.73,Moyen,61.3,118.8,122.4,60.0,Déficience microbienne
484,Calcaire,8.05,38.3,22.6,2.18,2.2,Moyen,50.7,175.4,258.2,60.3,Déficience microbienne
485,Latéritique,5.94,34.3,26.4,1.37,0.59,Mauvais,50.2,136.4,142.8,31.3,Fusariose vasculaire
486,Calcaire,8.17,30.8,18.8,1.25,1.37,Moyen,40.1,112.5,160.2,49.9,Déficience microbienne
487,Alluviaux,6.77,29.8,37.7,4.52,0.79,Mauvais,45.3,109.3,114.2,54.4,Déficience microbienne
488,Latéritique,6.63,36.8,26.2,2.92,0.57,Mauvais,24.9,64.4,102.2,47.1,Fusariose vasculaire
489,Sableux,6.29,30.5,28.9,1.34,0.52,Bon,13.1,67.0,62.7,14.9,Déficience microbienne
490,Sableux,6.04,32.5,17.2,1.49,1.06,Moyen,48.0,64.3,88.2,32.2,Déficience microbienne
491,Alluviaux,6.12,25.0,43.4,3.93,1.32,Bon,44.5,162.3,104.8,40.1,Déficience microbienne
492,Calcaire,7.68,31.0,29.1,1.9,2.46,Mauvais,45.8,113.2,197.4,34.8,Déficience microbienne
493,Calcaire,7.68,38.0,23.6,1.82,1.95,Moyen,76.1,78.0,206.1,47.5,Déficience microbienne
494,Latéritique,7.06,37.9,19.8,2.75,1.75,Mauvais,31.2,99.9,129.2,68.9,Fusariose vasculaire
495,Alluviaux,6.27,33.0,36.7,4.19,1.34,Moyen,48.9,224.9,260.8,72.0,Déficience microbienne
496,Calcaire,7.56,36.9,12.8,1.62,2.1,Mauvais,50.1,127.2,349.3,36.8,Déficience microbienne
497,Sableux,6.35,34.0,12.7,0.66,1.43,Mauvais,45.2,140.7,149.2,18.3,Déficience microbienne
498,Alluviaux,6.53,31.7,39.7,3.26,1.22,Mauvais,49.7,186.3,132.3,48.3,Déficience microbienne
499,Latéritique,6.61,33.7,19.2,2.48,0.54,Bon,37.7,138.0,147.7,33.1,Déficience microbienne
500,Latéritique,6.89,33.7,30.9,2.47,1.42,Moyen,44.4,73.3,111.4,41.0,Fusariose vasculaire
501,Alluviaux,6.9,30.1,35.8,2.02,1.49,Mauvais,34.3,210.2,104.8,55.1,Déficience microbienne
502,Latéritique,7.38,29.7,24.4,1.18,1.44,Bon,47.5,100.7,142.6,64.8,Déficience microbienne
503,Latéritique,5.89,28.2,32.2,2.15,1.84,Mauvais,49.8,141.0,131.6,57.5,Déficience microbienne
504,Latéritique,7.33,33.7,18.6,1.54,0.8,Bon,32.3,90.6,146.6,49.4,Déficience microbienne
505,Latéritique,6.35,34.2,16.6,1.18,0.76,Moyen,45.9,81.4,114.0,40.0,Fusariose vasculaire
506,Sableux,6.62,30.1,23.0,1.17,1.22,Mauvais,47.3,52.0,65.4,45.4,Déficience microbienne
507,Alluviaux,6.69,30.6,43.3,4.04,2.36,Bon,69.8,208.0,157.4,72.8,Déficience microbienne
508,Calcaire,7.55,32.3,27.9,1.38,1.44,Moyen,36.9,164.5,250.0,63.7,Déficience microbienne
509,Sableux,5.48,37.6,25.2,0.81,0.67,Bon,18.4,147.7,114.6,47.4,Nématodose
510,Latéritique,6.11,35.8,30.3,2.38,1.95,Moyen,39.7,73.1,160.6,56.5,Fusariose vasculaire
511,Calcaire,8.08,32.1,20.1,1.47,1.85,Mauvais,62.3,152.0,196.4,50.3,Flétrissure bactérienne
512,Calcaire,7.77,32.0,25.7,2.36,1.74,Bon,67.6,168.7,319.2,39.1,Déficience microbienne
513,Calcaire,8.46,33.8,16.8,1.09,1.97,Moyen,35.5,97.3,213.4,70.4,Déficience microbienne
514,Calcaire,8.38,33.0,27.2,2.29,2.53,Moyen,37.3,145.9,339.0,64.1,Déficience microbienne
515,Calcaire,7.83,35.0,22.9,1.77,1.24,Mauvais,45.6,158.3,322.3,36.9,Déficience microbienne
516,Sableux,6.9,33.3,23.2,1.25,1.24,Bon,47.8,81.3,135.9,15.3,Déficience microbienne
517,Calcaire,8.21,37.4,23.6,1.38,2.75,Mauvais,38.4,75.9,293.5,53.8,Flétrissure bactérienne
518,Latéritique,7.2,31.8,18.4,2.67,1.32,Mauvais,29.5,132.0,141.3,50.2,Déficience microbienne
519,Sableux,5.92,38.3,26.6,1.21,0.25,Moyen,43.6,117.1,119.7,24.5,Déficience microbienne
520,Sableux,6.76,37.3,12.3,0.91,1.34,Bon,11.9,146.1,117.9,35.3,Nématodose
521,Latéritique,6.04,30.5,33.8,1.6,1.66,Mauvais,39.7,73.9,81.3,47.2,Déficience microbienne
522,Calcaire,8.48,33.7,17.1,1.52,2.04,Moyen,52.0,166.8,251.1,55.4,Déficience microbienne
523,Sableux,5.28,39.8,15.0,0.57,1.03,Bon,33.8,91.5,92.2,41.4,Nématodose
524,Sableux,5.39,38.2,23.0,0.92,0.74,Bon,20.3,125.2,101.3,22.8,Nématodose
525,Alluviaux,6.89,35.0,38.7,4.76,1.19,Moyen,22.7,130.6,183.7,33.2,Déficience microbienne
526,Sableux,5.0,39.2,26.9,1.24,0.33,Moyen,14.8,56.8,122.4,47.2,Déficience microbienne
527,Latéritique,6.36,29.2,25.2,1.7,1.06,Mauvais,51.1,131.9,93.3,21.8,Déficience microbienne
528,Sableux,6.99,32.3,11.1,0.69,0.15,Moyen,25.7,130.2,84.1,27.8,Déficience microbienne
529,Calcaire,8.18,35.1,27.2,2.3,1.02,Mauvais,68.9,120.7,347.8,54.2,Flétrissure bactérienne
530,Sableux,6.97,37.5,15.0,1.04,1.49,Mauvais,44.3,59.7,120.6,23.8,Déficience microbienne
531,Latéritique,5.51,32.0,19.7,2.64,1.01,Moyen,61.4,60.1,116.9,32.1,Déficience microbienne
532,Sableux,5.47,30.7,13.7,1.06,0.51,Bon,26.7,87.7,137.6,46.2,Déficience microbienne
533,Alluviaux,6.74,28.3,32.1,4.86,0.62,Mauvais,34.9,144.7,164.1,29.9,Déficience microbienne
534,Alluviaux,7.17,26.2,42.7,2.37,0.64,Moyen,65.5,128.5,264.3,52.7,Déficience microbienne
535,Alluviaux,6.12,34.6,34.9,4.58,0.84,Moyen,62.7,102.0,202.4,66.2,Déficience microbienne
536,Alluviaux,7.4,34.1,46.4,4.66,0.9,Bon,34.2,143.3,175.4,43.6,Déficience microbienne
537,Sableux,6.09,31.6,23.8,0.67,0.53,Moyen,30.1,129.6,123.9,35.8,Déficience microbienne
538,Calcaire,7.66,35.5,11.7,1.57,1.83,Bon,32.0,100.1,341.1,77.7,Déficience microbienne
539,Latéritique,6.2,28.4,18.6,1.78,1.92,Mauvais,27.1,136.4,93.0,69.1,Déficience microbienne
540,Latéritique,6.26,35.8,21.9,2.26,0.79,Moyen,27.3,153.8,190.1,64.4,Fusariose vasculaire
541,Latéritique,6.75,36.1,16.4,1.67,0.97,Moyen,51.8,95.6,97.8,49.8,Fusariose vasculaire
542,Alluviaux,7.22,28.8,32.6,2.59,0.97,Bon,35.0,196.4,220.2,61.8,Déficience microbienne
543,Sableux,5.73,38.2,14.1,0.97,1.22,Mauvais,17.2,61.0,138.4,23.7,Nématodose
544,Calcaire,8.18,30.3,23.8,1.47,1.11,Moyen,60.5,96.5,227.4,34.0,Déficience microbienne
545,Calcaire,7.65,33.0,11.8,2.37,1.01,Moyen,54.2,83.6,211.5,76.3,Déficience microbienne
546,Alluviaux,6.24,34.7,34.1,4.22,1.59,Bon,64.2,183.1,206.9,31.7,Déficience microbienne
547,Sableux,5.33,39.2,16.6,0.87,1.16,Moyen,23.6,145.2,123.8,33.9,Nématodose
548,Latéritique,7.26,28.5,20.1,1.93,0.84,Mauvais,57.2,151.9,130.9,37.1,Déficience microbienne
549,Latéritique,7.42,32.4,24.8,1.7,1.86,Mauvais,48.4,136.2,177.4,37.1,Fusariose vasculaire
550,Alluviaux,6.65,33.5,37.3,4.38,2.38,Bon,51.2,211.2,261.0,70.7,Déficience microbienne
551,Sableux,5.79,30.5,18.0,1.17,0.73,Bon,40.0,85.7,113.5,17.5,Déficience microbienne
552,Sableux,6.5,35.5,14.1,0.79,1.15,Mauvais,29.3,71.6,146.7,38.6,Déficience microbienne
553,Latéritique,7.41,32.3,24.5,2.8,1.29,Mauvais,55.4,85.2,133.6,26.2,Fusariose vasculaire
554,Sableux,5.41,30.0,10.8,1.48,0.44,Moyen,36.5,133.9,105.1,16.1,Déficience microbienne
555,Latéritique,6.96,34.0,29.6,2.54,1.96,Mauvais,48.7,94.2,157.8,23.4,Fusariose vasculaire
556,Alluviaux,7.35,26.2,36.6,4.45,1.69,Bon,39.7,171.0,270.9,40.4,Déficience microbienne
557,Alluviaux,7.3,25.9,45.5,4.54,0.86,Mauvais,41.5,124.8,241.3,52.1,Pourriture des racines
558,Sableux,6.27,32.0,14.2,0.54,0.55,Mauvais,32.4,135.8,116.7,27.4,Déficience microbienne
559,Latéritique,7.41,35.2,33.6,2.06,0.89,Moyen,22.6,132.6,94.6,35.1,Fusariose vasculaire
560,Calcaire,8.03,35.6,22.0,1.25,1.76,Bon,60.9,176.7,295.5,76.1,Déficience microbienne
561,Alluviaux,7.14,30.9,33.8,4.0,1.75,Bon,50.1,173.5,205.7,40.1,Déficience microbienne
562,Sableux,6.04,32.0,26.1,0.69,0.22,Moyen,27.4,115.8,93.8,21.1,Déficience microbienne
563,Latéritique,6.62,31.5,33.7,2.85,1.25,Moyen,36.4,133.7,84.4,43.7,Déficience microbienne
564,Latéritique,6.17,37.2,15.2,2.11,1.61,Mauvais,44.3,68.5,196.7,45.9,Fusariose vasculaire
565,Alluviaux,6.92,27.4,39.7,3.29,0.65,Mauvais,25.3,225.6,148.0,31.7,Déficience microbienne
566,Sableux,6.01,37.7,11.2,1.08,0.27,Moyen,11.5,55.3,133.4,14.7,Déficience microbienne
567,Latéritique,5.59,32.4,31.9,1.52,1.13,Bon,22.0,104.9,149.3,48.5,Déficience microbienne
568,Latéritique,6.16,31.2,17.1,1.73,0.65,Mauvais,58.3,156.6,196.4,63.3,Déficience microbienne
569,Latéritique,6.7,35.0,20.7,2.26,1.18,Mauvais,44.1,135.8,113.8,35.9,Fusariose vasculaire
570,Latéritique,7.35,28.6,24.7,2.83,1.42,Bon,47.3,85.0,121.2,62.6,Déficience microbienne
571,Calcaire,8.06,35.1,12.0,1.02,2.93,Moyen,48.8,136.4,165.9,64.2,Déficience microbienne
572,Alluviaux,7.4,30.8,32.5,3.75,2.03,Bon,40.3,232.0,229.7,74.0,Déficience microbienne
573,Sableux,6.25,31.3,16.2,0.7,1.37,Bon,40.4,117.6,80.1,17.4,Déficience microbienne
574,Calcaire,8.26,34.7,14.5,1.92,1.08,Moyen,46.3,121.5,179.6,79.2,Déficience microbienne
575,Alluviaux,6.31,26.3,34.1,4.31,1.35,Bon,48.3,103.2,106.9,46.7,Déficience microbienne
576,Latéritique,7.13,36.9,16.7,2.08,1.87,Moyen,39.4,143.0,96.0,66.8,Fusariose vasculaire
577,Latéritique,7.0,37.4,28.5,1.73,1.91,Mauvais,33.8,93.2,164.1,58.3,Fusariose vasculaire
578,Sableux,6.86,32.0,26.0,1.24,0.19,Mauvais,25.5,78.3,80.4,49.3,Déficience microbienne
579,Calcaire,8.14,37.2,29.5,1.57,2.6,Bon,51.7,165.6,186.1,77.4,Déficience microbienne
580,Sableux,5.44,33.3,25.1,0.89,0.95,Moyen,27.8,124.2,72.8,12.3,Déficience microbienne
581,Latéritique,6.1,32.7,18.4,1.71,1.1,Moyen,22.9,118.3,186.1,27.6,Fusariose vasculaire
582,Alluviaux,6.9,31.6,38.4,4.1,1.32,Bon,45.2,101.1,238.3,59.7,Déficience microbienne
583,Alluviaux,6.06,28.7,49.6,3.26,1.5,Bon,65.5,207.6,216.4,67.9,Déficience microbienne
584,Calcaire,8.36,34.6,19.5,1.58,2.93,Mauvais,64.9,79.2,322.6,54.0,Flétrissure bactérienne
585,Sableux,5.14,35.5,18.3,1.38,0.39,Moyen,43.1,105.8,55.5,48.9,Déficience microbienne
586,Sableux,6.03,32.9,19.4,1.36,0.53,Bon,17.7,62.9,79.8,41.2,Déficience microbienne
587,Alluviaux,6.71,27.3,33.3,3.0,2.38,Moyen,37.2,248.2,197.0,30.7,Déficience microbienne
588,Latéritique,7.28,32.6,29.2,2.97,0.58,Bon,24.8,132.0,113.8,29.2,Déficience microbienne
589,Alluviaux,6.06,25.2,45.5,2.4,1.44,Mauvais,50.3,164.3,105.4,67.0,Pourriture des racines
590,Sableux,5.02,37.6,27.9,0.93,0.85,Bon,29.1,88.9,138.7,45.8,Nématodose
591,Latéritique,6.17,34.2,33.5,2.92,1.26,Mauvais,42.6,87.9,195.1,27.1,Fusariose vasculaire
592,Calcaire,8.08,32.8,15.6,1.61,3.0,Mauvais,32.7,133.6,166.5,37.7,Flétrissure bactérienne
593,Latéritique,6.38,33.1,20.2,1.63,0.63,Moyen,35.2,156.7,193.4,36.7,Fusariose vasculaire
594,Sableux,6.14,39.1,10.1,1.31,1.43,Moyen,13.7,66.1,146.1,31.5,Déficience microbienne
595,Alluviaux,6.02,27.6,39.0,4.08,1.97,Bon,69.8,143.1,207.6,52.0,Déficience microbienne
596,Alluviaux,6.61,26.7,49.5,4.56,1.5,Moyen,50.2,134.1,208.8,61.7,Déficience microbienne
597,Calcaire,8.02,39.9,22.2,1.56,2.54,Moyen,38.5,112.3,219.4,51.6,Déficience microbienne
598,Latéritique,7.06,32.8,30.9,2.15,1.01,Bon,60.5,83.8,106.9,45.2,Déficience microbienne
599,Sableux,5.52,30.1,23.0,1.01,0.72,Moyen,48.7,107.1,136.3,15.6,Déficience microbienne
600,Alluviaux,6.85,33.7,41.7,4.15,1.24,Mauvais,24.6,168.7,178.9,72.0,Pourriture des racines
601,Latéritique,5.99,37.7,34.2,1.5,1.02,Mauvais,64.8,156.7,133.2,36.0,Fusariose vasculaire
602,Alluviaux,6.79,31.9,35.5,4.21,0.6,Moyen,22.5,157.9,170.7,38.9,Déficience microbienne
603,Alluviaux,6.74,28.2,33.8,2.93,2.45,Bon,40.6,166.7,215.3,79.0,Déficience microbienne
604,Alluviaux,6.36,31.8,44.3,3.82,0.68,Bon,53.8,109.6,219.2,64.4,Déficience microbienne
605,Latéritique,5.92,36.4,15.6,2.69,1.19,Moyen,30.9,73.4,194.4,23.6,Fusariose vasculaire
606,Alluviaux,6.3,28.5,42.4,3.63,0.75,Mauvais,34.5,135.8,142.7,44.7,Pourriture des racines
607,Latéritique,6.91,30.2,22.3,1.78,1.96,Bon,67.7,140.0,109.0,23.4,Déficience microbienne
608,Sableux,5.63,32.7,20.1,1.28,1.3,Bon,43.8,86.0,118.7,22.5,Déficience microbienne
609,Alluviaux,6.09,32.0,30.2,3.23,1.16,Moyen,54.7,214.9,160.8,68.7,Déficience microbienne
610,Alluviaux,6.44,29.5,44.5,4.08,2.47,Mauvais,31.3,199.3,221.9,74.9,Pourriture des racines
611,Latéritique,5.81,35.5,26.4,1.55,1.21,Moyen,36.7,117.9,186.7,48.5,Fusariose vasculaire
612,Calcaire,8.13,35.2,11.0,1.35,1.98,Bon,45.5,90.0,250.8,46.1,Déficience microbienne
613,Sableux,5.52,34.6,12.7,1.43,1.31,Moyen,38.3,60.6,127.6,42.3,Déficience microbienne
614,Calcaire,8.27,31.1,22.9,2.25,2.15,Mauvais,62.3,120.4,255.7,31.7,Flétrissure bactérienne
615,Latéritique,6.78,28.8,23.7,1.59,1.32,Moyen,26.7,129.2,175.4,28.2,Déficience microbienne
616,Calcaire,7.6,31.5,27.5,1.79,1.93,Moyen,35.3,141.5,323.6,71.4,Déficience microbienne
617,Calcaire,8.13,30.8,12.2,1.07,1.51,Moyen,36.8,98.6,227.0,77.1,Déficience microbienne
618,Calcaire,8.11,38.3,24.2,1.17,2.47,Moyen,43.8,140.3,218.2,79.9,Déficience microbienne
619,Sableux,5.53,32.8,28.6,0.52,1.08,Bon,39.0,133.6,147.4,49.0,Déficience microbienne
620,Alluviaux,6.1,33.2,42.9,3.94,0.76,Bon,52.5,247.4,282.4,46.3,Déficience microbienne
621,Alluviaux,6.06,28.6,46.5,4.1,1.42,Moyen,22.8,164.0,193.8,75.7,Déficience microbienne
622,Latéritique,6.78,31.1,25.5,1.13,1.96,Mauvais,38.0,107.8,122.6,54.1,Déficience microbienne
623,Latéritique,6.82,35.2,20.4,1.63,0.69,Moyen,52.8,64.0,151.7,63.5,Fusariose vasculaire
624,Sableux,6.78,34.5,19.2,0.58,1.04,Moyen,42.9,74.5,92.1,43.6,Déficience microbienne
625,Latéritique,7.25,30.4,26.0,1.38,0.65,Mauvais,65.6,142.1,171.2,22.4,Déficience microbienne
626,Sableux,6.69,34.4,16.8,1.05,0.23,Moyen,40.3,108.2,68.7,17.5,Déficience microbienne
627,Sableux,5.37,30.6,21.8,1.34,0.12,Moyen,12.0,107.3,131.9,23.1,Déficience microbienne
628,Alluviaux,6.52,31.0,35.5,2.08,1.97,Bon,51.3,187.1,248.3,60.5,Déficience microbienne
629,Latéritique,5.91,31.5,17.5,1.26,1.51,Mauvais,62.9,156.3,155.4,29.2,Déficience microbienne
630,Sableux,5.21,38.1,21.6,1.12,1.19,Moyen,38.1,133.4,55.6,39.9,Déficience microbienne
631,Sableux,6.7,32.9,22.8,0.81,1.44,Moyen,11.3,108.0,66.7,38.5,Déficience microbienne
632,Alluviaux,6.26,27.4,39.9,4.74,0.92,Bon,27.2,213.8,200.1,74.7,Déficience microbienne
633,Sableux,5.29,36.5,14.7,0.66,1.06,Moyen,33.7,125.5,80.9,27.9,Nématodose
634,Calcaire,7.91,39.8,15.8,1.44,1.71,Moyen,58.2,97.8,333.1,43.3,Déficience microbienne
635,Alluviaux,7.34,26.0,43.1,4.72,0.84,Moyen,68.4,167.9,289.1,60.6,Déficience microbienne
636,Sableux,5.6,31.9,16.1,0.59,0.3,Moyen,14.2,92.3,129.6,15.7,Déficience microbienne
637,Latéritique,5.76,34.4,18.9,1.2,0.75,Mauvais,66.2,142.1,122.5,52.8,Fusariose vasculaire
638,Sableux,6.07,36.8,23.7,1.13,0.47,Moyen,11.6,95.6,139.1,32.8,Déficience microbienne
639,Calcaire,8.33,39.9,13.3,2.04,2.35,Bon,79.0,178.4,287.3,42.2,Déficience microbienne
640,Alluviaux,7.2,26.1,45.6,4.73,1.27,Mauvais,51.5,164.5,187.6,38.6,Pourriture des racines
641,Calcaire,8.26,39.4,28.8,1.26,2.75,Moyen,66.9,97.8,163.5,43.4,Déficience microbienne
642,Latéritique,7.32,34.3,29.4,1.51,1.58,Moyen,21.4,97.5,155.2,27.3,Fusariose vasculaire
643,Latéritique,7.15,30.4,28.0,1.81,1.39,Mauvais,25.4,61.7,189.1,33.5,Déficience microbienne
644,Sableux,6.64,40.0,14.2,0.77,1.03,Mauvais,48.6,141.6,100.3,41.8,Nématodose
645,Latéritique,5.77,37.8,34.3,1.33,0.95,Bon,25.0,87.2,177.9,38.9,Déficience microbienne
646,Sableux,5.18,33.4,29.6,1.13,0.68,Moyen,16.7,148.6,132.1,21.3,Déficience microbienne
647,Alluviaux,6.11,25.6,32.4,3.74,2.36,Bon,44.8,226.4,189.2,62.5,Déficience microbienne
648,Calcaire,8.23,31.7,17.2,1.96,1.14,Moyen,48.1,128.8,349.2,53.7,Déficience microbienne
649,Calcaire,8.32,34.3,25.9,1.89,2.77,Mauvais,50.5,136.5,276.0,50.9,Flétrissure bactérienne
650,Latéritique,5.79,28.9,15.3,2.75,0.85,Mauvais,30.6,133.6,118.4,45.3,Déficience microbienne
651,Alluviaux,6.24,34.6,47.0,4.59,1.31,Bon,58.1,121.6,101.7,21.2,Déficience microbienne
652,Sableux,6.17,34.6,20.4,0.51,0.69,Moyen,38.7,94.3,123.2,19.3,Déficience microbienne
653,Alluviaux,7.22,30.9,34.2,2.71,1.76,Moyen,61.5,162.3,151.7,72.0,Déficience microbienne
654,Latéritique,6.84,32.5,24.8,1.41,1.44,Mauvais,37.9,159.6,137.6,44.3,Fusariose vasculaire
655,Sableux,6.13,39.2,26.0,0.95,1.11,Moyen,33.4,99.2,69.2,28.6,Nématodose
656,Alluviaux,6.37,34.1,36.7,4.86,1.57,Moyen,51.6,181.4,125.9,42.5,Déficience microbienne
657,Sableux,5.2,36.2,18.9,1.28,0.41,Moyen,16.6,90.6,142.7,38.4,Déficience microbienne
658,Calcaire,7.92,35.2,11.7,2.48,2.33,Mauvais,44.3,134.4,171.9,78.3,Déficience microbienne
659,Latéritique,5.85,34.5,19.9,2.44,1.67,Mauvais,53.7,121.4,187.1,23.9,Fusariose vasculaire
660,Alluviaux,6.5,27.5,49.8,3.17,1.97,Bon,54.2,131.8,147.8,36.9,Déficience microbienne
661,Calcaire,7.91,32.3,10.4,2.32,2.93,Bon,47.1,107.2,151.4,64.0,Déficience microbienne
662,Latéritique,7.15,29.5,18.2,2.58,1.42,Mauvais,22.2,122.3,117.1,38.4,Déficience microbienne
663,Sableux,6.54,38.1,18.0,1.45,0.67,Moyen,40.9,98.4,139.8,46.3,Déficience microbienne
664,Sableux,5.17,39.4,26.5,1.29,0.38,Moyen,42.2,135.0,78.9,48.1,Déficience microbienne
665,Calcaire,7.55,31.5,20.8,1.86,2.29,Moyen,30.8,175.6,158.9,37.2,Déficience microbienne
666,Calcaire,7.51,35.7,28.6,2.0,2.65,Bon,30.7,129.6,241.9,54.9,Déficience microbienne
667,Calcaire,7.57,36.8,20.1,2.15,1.97,Mauvais,37.5,141.3,184.5,73.6,Déficience microbienne
668,Sableux,6.23,31.6,29.2,1.02,0.2,Moyen,35.1,75.3,130.4,42.7,Déficience microbienne
669,Calcaire,8.48,35.0,19.1,2.13,1.26,Mauvais,57.3,130.1,167.9,50.9,Flétrissure bactérienne
670,Latéritique,7.21,36.6,17.0,1.18,0.89,Mauvais,63.7,72.9,166.4,25.1,Fusariose vasculaire
671,Alluviaux,6.93,28.6,45.8,2.7,1.78,Bon,31.8,207.0,274.7,27.6,Déficience microbienne
672,Calcaire,8.37,35.9,12.5,1.64,1.32,Moyen,65.0,153.5,171.2,55.3,Déficience microbienne
673,Alluviaux,7.22,34.4,40.3,4.85,1.57,Mauvais,39.7,227.2,198.6,48.3,Pourriture des racines
674,Calcaire,7.99,38.5,26.6,1.61,1.67,Moyen,54.6,133.0,197.7,69.7,Déficience microbienne
675,Alluviaux,6.73,28.3,32.1,2.72,2.4,Bon,35.3,125.3,192.1,38.4,Déficience microbienne
676,Latéritique,5.57,31.2,25.9,2.1,1.03,Mauvais,42.4,156.6,125.3,32.9,Déficience microbienne
677,Alluviaux,6.37,29.6,45.2,2.62,1.92,Mauvais,21.1,162.8,255.2,40.3,Pourriture des racines
678,Calcaire,8.06,32.0,24.8,1.08,2.71,Mauvais,39.9,166.2,220.5,66.1,Flétrissure bactérienne
679,Calcaire,7.82,39.1,12.5,1.27,1.99,Mauvais,34.1,91.6,338.8,78.8,Déficience microbienne
680,Sableux,5.75,39.2,20.9,0.77,1.08,Moyen,36.4,148.9,76.5,36.9,Nématodose
681,Latéritique,5.6,29.1,15.1,3.0,1.7,Mauvais,59.3,111.0,116.0,27.6,Déficience microbienne
682,Sableux,5.57,33.8,25.1,1.04,0.21,Mauvais,10.7,60.2,91.0,47.3,Déficience microbienne
683,Sableux,6.27,38.0,19.3,0.86,0.25,Bon,45.0,128.3,66.8,30.5,Nématodose
684,Calcaire,7.99,36.3,28.9,1.87,2.08,Moyen,32.5,76.9,187.5,31.6,Déficience microbienne
685,Calcaire,8.24,37.2,12.7,2.25,1.31,Mauvais,45.1,97.4,224.5,42.7,Flétrissure bactérienne
686,Sableux,5.98,34.1,29.7,0.56,0.3,Mauvais,12.1,112.6,55.5,43.5,Déficience microbienne
687,Calcaire,8.01,35.3,21.2,1.26,1.4,Mauvais,45.9,135.3,192.0,35.8,Flétrissure bactérienne
688,Latéritique,7.44,28.2,31.1,2.58,0.95,Mauvais,26.8,74.6,163.7,52.1,Déficience microbienne
689,Alluviaux,7.17,34.4,43.8,2.47,0.99,Bon,62.1,131.4,114.5,62.2,Déficience microbienne
690,Latéritique,6.31,37.2,28.0,1.18,1.92,Moyen,32.9,93.7,128.3,22.6,Fusariose vasculaire
691,Sableux,5.99,31.2,18.0,0.85,1.18,Moyen,42.1,65.3,86.7,24.9,Déficience microbienne
692,Sableux,5.3,38.0,24.1,0.69,0.61,Moyen,14.2,112.8,62.1,49.4,Nématodose
693,Sableux,6.56,33.9,21.6,1.41,0.88,Mauvais,17.0,87.9,134.3,35.8,Déficience microbienne
694,Latéritique,6.8,36.7,32.9,2.84,0.64,Mauvais,47.2,134.1,170.8,50.3,Fusariose vasculaire
695,Calcaire,7.67,38.0,24.4,1.13,1.93,Bon,38.7,107.1,153.6,50.0,Déficience microbienne
696,Alluviaux,6.82,31.2,43.3,4.51,0.93,Moyen,26.0,227.7,131.3,78.5,Déficience microbienne
697,Calcaire,8.34,35.0,29.6,1.15,1.61,Mauvais,61.9,108.5,335.7,33.3,Flétrissure bactérienne
698,Alluviaux,6.82,30.9,43.1,2.77,1.23,Bon,62.2,129.2,265.4,53.8,Déficience microbienne
699,Sableux,6.52,37.1,14.2,1.07,1.31,Mauvais,27.3,146.7,95.2,15.7,Déficience microbienne
700,Sableux,5.78,39.5,16.4,1.37,1.33,Bon,24.0,58.3,122.5,22.5,Déficience microbienne
701,Calcaire,8.28,34.4,19.7,2.17,1.76,Moyen,52.2,111.4,223.5,56.3,Déficience microbienne
702,Alluviaux,7.21,28.6,40.5,4.01,1.04,Bon,33.9,240.0,244.7,54.6,Déficience microbienne
703,Latéritique,6.8,28.3,27.4,2.02,1.32,Moyen,38.0,68.1,103.2,67.5,Déficience microbienne
704,Sableux,5.82,34.7,11.1,0.54,1.1,Bon,31.5,100.9,74.3,39.8,Déficience microbienne
705,Alluviaux,6.25,26.9,39.2,2.86,0.99,Moyen,52.3,197.6,264.9,45.1,Déficience microbienne
706,Alluviaux,6.11,27.7,49.6,3.79,1.92,Bon,20.4,177.7,107.5,54.2,Déficience microbienne
707,Alluviaux,7.38,34.7,40.8,3.37,2.39,Moyen,53.7,109.7,193.1,34.4,Déficience microbienne
708,Sableux,5.94,34.6,21.6,0.86,0.33,Moyen,30.1,133.0,116.4,23.5,Déficience microbienne
709,Calcaire,8.44,39.1,14.2,1.06,2.48,Mauvais,71.4,176.5,328.0,60.0,Flétrissure bactérienne
710,Latéritique,6.56,28.3,19.9,1.92,1.44,Moyen,47.9,134.3,113.6,48.2,Déficience microbienne
711,Latéritique,5.68,32.1,30.0,2.39,1.99,Moyen,33.9,109.8,119.5,42.0,Fusariose vasculaire
712,Alluviaux,7.29,31.8,47.6,2.61,2.25,Bon,23.0,233.3,165.8,38.9,Déficience microbienne
713,Sableux,6.02,39.4,11.0,0.85,1.3,Moyen,25.8,69.9,92.5,25.4,Nématodose
714,Latéritique,7.33,35.6,25.1,2.98,1.2,Bon,22.9,86.2,132.3,27.8,Déficience microbienne
715,Sableux,6.9,37.7,15.4,1.09,1.11,Moyen,47.7,138.2,101.5,41.0,Déficience microbienne
716,Alluviaux,6.84,30.5,32.3,2.38,1.56,Bon,33.4,103.2,244.6,21.9,Déficience microbienne
717,Alluviaux,6.89,30.4,49.4,3.45,0.63,Mauvais,47.6,226.2,299.4,45.8,Pourriture des racines
718,Latéritique,6.14,37.1,18.8,2.23,1.11,Mauvais,22.1,94.7,111.8,54.3,Fusariose vasculaire
719,Latéritique,7.4,30.7,31.2,1.11,1.31,Mauvais,23.5,153.4,172.0,52.9,Déficience microbienne
720,Latéritique,7.15,34.5,34.4,2.43,1.89,Moyen,45.9,71.7,143.4,26.3,Fusariose vasculaire
721,Sableux,6.18,34.8,22.5,0.51,0.37,Mauvais,29.7,145.1,88.4,27.0,Déficience microbienne
722,Latéritique,6.93,34.0,21.0,1.82,0.83,Moyen,68.3,73.1,124.6,21.3,Fusariose vasculaire
723,Latéritique,5.94,35.8,19.0,1.16,1.21,Mauvais,20.5,68.5,176.9,58.6,Fusariose vasculaire
724,Calcaire,8.42,38.5,23.7,1.08,2.57,Mauvais,72.3,157.9,251.7,41.6,Flétrissure bactérienne
725,Alluviaux,7.27,32.3,49.6,2.47,0.95,Mauvais,30.6,218.9,137.4,24.0,Pourriture des racines
726,Alluviaux,7.5,25.2,46.7,3.1,2.18,Moyen,47.7,235.2,285.2,20.5,Déficience microbienne
727,Calcaire,7.58,32.5,23.4,2.33,1.92,Bon,60.3,90.7,311.0,78.4,Déficience microbienne
728,Alluviaux,6.4,29.9,31.7,3.68,1.51,Bon,27.2,166.3,166.8,51.3,Déficience microbienne
729,Calcaire,8.09,30.1,25.2,2.07,1.73,Bon,32.6,153.0,341.0,42.0,Déficience microbienne
730,Calcaire,7.82,31.8,21.5,1.23,1.71,Mauvais,64.9,131.6,227.3,51.0,Déficience microbienne
731,Latéritique,6.62,28.1,16.6,2.76,0.62,Mauvais,55.3,152.0,112.5,38.5,Déficience microbienne
732,Alluviaux,6.85,33.8,48.8,4.22,0.67,Mauvais,53.5,161.5,194.1,22.9,Pourriture des racines
733,Alluviaux,6.29,32.9,39.1,2.9,1.27,Bon,62.7,212.3,154.5,27.1,Déficience microbienne
734,Calcaire,7.75,39.2,21.6,1.8,2.19,Moyen,48.3,158.8,254.7,35.8,Déficience microbienne
735,Sableux,5.26,35.4,28.7,0.81,1.32,Mauvais,40.6,74.8,53.6,14.1,Déficience microbienne
736,Latéritique,6.96,30.0,22.4,2.0,1.59,Moyen,25.7,100.6,138.2,47.0,Déficience microbienne
737,Latéritique,7.14,29.7,31.2,2.39,1.33,Moyen,55.0,101.2,96.6,53.3,Déficience microbienne
738,Alluviaux,6.79,31.4,36.8,4.72,1.67,Moyen,24.3,167.5,251.3,67.6,Déficience microbienne
739,Alluviaux,6.74,33.9,35.4,3.23,2.3,Bon,64.8,202.9,271.8,25.3,Déficience microbienne
740,Calcaire,8.36,33.2,13.6,1.36,1.84,Moyen,42.6,105.3,177.0,44.8,Déficience microbienne
741,Alluviaux,6.86,29.4,36.9,4.24,2.29,Bon,57.8,149.8,248.9,29.1,Déficience microbienne
742,Latéritique,5.76,31.5,31.2,1.49,0.59,Mauvais,26.6,145.9,156.1,32.7,Déficience microbienne
743,Alluviaux,6.83,30.3,43.1,2.7,2.23,Bon,35.5,204.1,103.2,42.4,Déficience microbienne
744,Calcaire,7.85,35.4,11.5,2.19,1.44,Moyen,63.9,158.4,262.4,67.0,Déficience microbienne
745,Latéritique,6.82,31.6,31.2,1.59,1.36,Moyen,57.3,97.9,116.3,43.0,Déficience microbienne
746,Latéritique,7.14,37.3,25.9,2.32,1.85,Mauvais,24.9,83.2,165.1,61.2,Fusariose vasculaire
747,Latéritique,7.21,32.2,16.8,1.88,0.85,Moyen,34.6,137.2,89.1,61.4,Fusariose vasculaire
748,Alluviaux,6.64,31.0,31.8,3.01,0.68,Bon,68.1,221.1,191.9,33.4,Déficience microbienne
749,Alluviaux,7.4,28.4,33.2,3.69,2.39,Bon,20.2,135.7,287.7,30.3,Déficience microbienne
750,Sableux,5.23,35.7,27.2,0.98,1.49,Mauvais,37.2,57.4,149.3,26.3,Déficience microbienne
751,Latéritique,6.07,33.6,21.1,1.17,0.5,Mauvais,42.5,143.7,148.7,70.0,Fusariose vasculaire
752,Alluviaux,6.43,27.8,33.2,2.49,1.07,Bon,59.6,235.9,295.0,33.9,Déficience microbienne
753,Sableux,6.76,33.3,12.3,1.37,0.99,Bon,16.6,93.0,78.7,39.5,Déficience microbienne
754,Alluviaux,6.68,34.9,31.1,3.07,1.46,Bon,45.2,147.4,245.8,72.5,Déficience microbienne
755,Calcaire,8.44,38.1,27.0,1.83,2.65,Mauvais,45.2,113.8,213.4,53.4,Flétrissure bactérienne
756,Calcaire,7.79,39.6,16.3,1.15,2.05,Mauvais,32.9,82.2,193.9,53.2,Déficience microbienne
757,Alluviaux,6.65,33.0,44.8,3.28,1.17,Bon,35.8,216.1,110.4,20.8,Déficience microbienne
758,Sableux,6.59,34.8,12.6,0.74,1.41,Bon,44.4,121.0,98.2,30.8,Déficience microbienne
759,Latéritique,7.45,37.7,19.3,2.62,0.8,Moyen,30.7,127.6,128.6,66.6,Fusariose vasculaire
760,Sableux,5.18,35.1,28.4,1.4,0.32,Moyen,24.7,111.9,65.9,48.7,Déficience microbienne
761,Alluviaux,7.37,26.7,32.4,2.26,2.32,Mauvais,29.7,162.4,189.8,55.9,Déficience microbienne
762,Latéritique,5.64,30.3,33.6,2.82,1.67,Moyen,21.0,92.7,155.4,33.8,Déficience microbienne
763,Sableux,6.82,36.3,11.4,1.41,1.44,Moyen,13.1,103.2,80.3,25.7,Déficience microbienne
764,Latéritique,5.86,33.8,34.2,2.01,0.62,Moyen,51.0,94.0,182.7,41.7,Fusariose vasculaire
765,Latéritique,5.89,29.9,30.4,1.53,1.65,Moyen,30.3,92.2,135.9,67.2,Déficience microbienne
766,Sableux,6.86,32.1,17.2,0.65,0.81,Bon,28.4,140.1,143.0,25.3,Déficience microbienne
767,Calcaire,7.99,39.0,26.1,1.01,1.64,Moyen,51.1,95.3,189.9,31.9,Déficience microbienne
768,Alluviaux,6.97,27.6,31.0,2.69,2.1,Mauvais,62.6,172.5,183.2,78.7,Déficience microbienne
769,Sableux,5.4,32.2,15.8,0.67,0.63,Bon,46.4,111.5,91.2,47.4,Déficience microbienne
770,Latéritique,5.6,30.1,26.3,2.23,0.56,Mauvais,40.2,124.9,163.8,51.9,Déficience microbienne
771,Calcaire,7.82,30.9,18.5,1.19,2.9,Mauvais,53.8,104.9,303.3,54.9,Déficience microbienne
772,Latéritique,6.12,36.1,32.3,2.35,0.57,Mauvais,48.3,136.3,96.4,31.4,Fusariose vasculaire
773,Alluviaux,7.32,25.2,45.1,3.42,1.39,Bon,20.4,222.9,172.0,52.4,Déficience microbienne
774,Calcaire,8.18,37.0,29.1,1.8,1.8,Mauvais,77.7,140.6,209.6,36.3,Flétrissure bactérienne
775,Alluviaux,7.26,28.6,43.2,3.41,0.9,Bon,50.1,109.1,182.7,52.8,Déficience microbienne
776,Alluviaux,6.65,32.5,46.6,4.31,0.58,Mauvais,29.7,180.5,287.0,70.1,Pourriture des racines
777,Latéritique,7.19,31.0,23.6,1.94,0.74,Mauvais,21.6,154.7,108.9,32.0,Déficience microbienne
778,Sableux,5.17,39.3,21.6,1.17,1.38,Moyen,23.8,112.2,53.9,17.5,Déficience microbienne
779,Latéritique,7.16,35.7,22.0,1.75,1.3,Mauvais,20.0,84.1,105.0,32.5,Fusariose vasculaire
780,Calcaire,8.31,32.8,13.8,1.76,2.73,Mauvais,42.1,78.6,221.3,67.4,Flétrissure bactérienne
781,Calcaire,8.05,38.2,29.2,2.19,2.21,Mauvais,54.7,74.4,346.9,49.2,Flétrissure bactérienne
782,Calcaire,7.65,36.7,15.7,1.88,2.17,Bon,52.3,162.0,203.0,52.4,Déficience microbienne
783,Calcaire,8.04,36.6,25.7,1.59,2.29,Mauvais,37.5,172.6,226.6,66.5,Flétrissure bactérienne
784,Calcaire,7.52,32.1,19.7,2.32,2.05,Mauvais,76.5,123.2,248.1,36.0,Déficience microbienne
785,Sableux,6.61,32.5,28.0,1.41,1.42,Moyen,30.8,117.7,127.9,15.2,Déficience microbienne
786,Latéritique,6.7,28.3,25.0,1.31,0.77,Moyen,38.3,103.2,154.8,23.7,Déficience microbienne
787,Calcaire,8.0,31.8,21.5,1.96,2.11,Moyen,66.9,106.9,303.0,51.6,Déficience microbienne
788,Sableux,5.97,36.5,10.4,1.15,0.97,Bon,22.4,58.6,59.1,46.9,Déficience microbienne
789,Alluviaux,7.03,26.3,37.1,3.78,2.17,Mauvais,22.2,135.5,277.9,20.5,Déficience microbienne
790,Alluviaux,6.3,34.6,42.3,2.79,0.63,Moyen,21.4,136.7,276.3,45.0,Déficience microbienne
791,Alluviaux,7.08,34.2,38.2,2.57,1.53,Mauvais,65.4,220.7,113.2,61.6,Déficience microbienne
792,Sableux,6.14,39.1,12.4,1.03,1.33,Bon,26.4,98.2,57.0,21.1,Déficience microbienne
793,Latéritique,6.15,37.5,20.7,1.92,1.51,Mauvais,28.1,108.6,168.6,63.3,Fusariose vasculaire
794,Alluviaux,6.94,31.7,32.5,4.84,0.77,Bon,58.7,139.7,286.7,63.2,Déficience microbienne
795,Latéritique,7.01,30.2,23.9,2.24,1.65,Moyen,25.2,156.2,186.8,33.5,Déficience microbienne
796,Calcaire,8.32,35.2,19.2,1.47,2.16,Mauvais,66.5,115.2,275.8,65.0,Flétrissure bactérienne
797,Calcaire,8.21,30.5,27.2,1.69,1.52,Moyen,42.1,123.1,327.4,48.9,Déficience microbienne
798,Sableux,6.5,31.0,19.5,1.49,1.18,Mauvais,18.4,100.1,73.4,26.4,Déficience microbienne
799,Calcaire,8.28,37.7,14.6,2.38,2.19,Moyen,49.0,125.2,271.0,58.0,Déficience microbienne
800,Calcaire,7.99,35.0,13.5,2.22,2.08,Moyen,36.6,154.3,336.5,77.4,Déficience microbienne
801,Calcaire,7.87,31.4,20.4,1.17,2.87,Moyen,39.2,97.8,231.3,49.2,Déficience microbienne
802,Latéritique,7.09,32.6,18.4,1.53,1.26,Mauvais,27.4,121.2,147.9,55.7,Fusariose vasculaire
803,Latéritique,7.38,37.1,33.9,1.49,0.7,Moyen,35.1,149.5,196.6,63.0,Fusariose vasculaire
804,Latéritique,5.72,37.5,23.5,1.02,1.16,Moyen,22.3,114.4,120.6,43.7,Fusariose vasculaire
805,Latéritique,6.73,36.7,28.2,1.87,1.73,Mauvais,65.3,72.0,143.8,34.2,Fusariose vasculaire
806,Sableux,5.09,36.7,27.3,0.66,1.24,Moyen,44.1,141.4,76.5,46.2,Nématodose
807,Calcaire,7.82,35.5,11.0,1.07,2.44,Moyen,52.2,98.2,188.1,63.5,Déficience microbienne
808,Calcaire,7.5,38.1,11.6,1.29,1.77,Bon,54.2,109.0,214.1,78.2,Déficience microbienne
809,Latéritique,6.78,28.2,23.6,2.75,0.95,Mauvais,24.7,135.8,152.7,48.5,Déficience microbienne
810,Sableux,5.11,31.4,22.5,0.71,0.81,Mauvais,31.8,78.4,144.8,43.7,Déficience microbienne
811,Sableux,6.44,30.8,12.1,0.99,0.32,Bon,49.1,65.9,98.7,24.6,Déficience microbienne
812,Latéritique,6.78,29.3,23.6,1.55,1.83,Mauvais,22.0,151.4,180.0,34.9,Déficience microbienne
813,Alluviaux,7.18,25.3,49.3,3.58,1.11,Moyen,38.1,110.0,297.9,22.4,Déficience microbienne
814,Sableux,6.31,34.4,29.0,0.75,0.84,Moyen,29.3,120.3,56.8,17.8,Déficience microbienne
815,Latéritique,5.93,35.4,18.8,2.15,0.82,Mauvais,63.1,154.2,142.2,37.6,Fusariose vasculaire
816,Latéritique,5.97,28.5,20.4,2.31,1.3,Moyen,67.2,99.6,163.3,44.5,Déficience microbienne
817,Alluviaux,6.77,27.7,39.1,3.41,1.91,Bon,67.0,149.4,108.4,49.8,Déficience microbienne
818,Sableux,6.09,31.7,25.2,1.48,1.42,Moyen,17.9,137.5,120.4,28.2,Déficience microbienne
819,Calcaire,8.04,38.5,19.6,1.56,1.99,Moyen,59.0,90.8,330.2,63.7,Déficience microbienne
820,Alluviaux,6.95,26.0,42.1,2.36,0.66,Bon,46.4,160.4,217.8,25.4,Déficience microbienne
821,Latéritique,6.36,29.7,34.7,2.12,1.53,Mauvais,36.3,69.5,197.1,34.3,Déficience microbienne
822,Latéritique,6.35,34.5,15.5,2.62,1.3,Mauvais,33.9,66.2,99.5,64.8,Fusariose vasculaire
823,Latéritique,6.87,30.5,16.3,2.38,1.36,Mauvais,40.2,96.4,106.0,53.5,Déficience microbienne
824,Latéritique,7.44,29.8,26.9,1.85,1.17,Mauvais,32.7,142.5,138.2,47.2,Déficience microbienne
825,Calcaire,7.8,31.8,11.7,2.07,1.39,Mauvais,64.5,112.9,233.2,53.5,Déficience microbienne
826,Sableux,5.74,31.0,16.2,1.16,1.03,Moyen,21.4,96.0,69.3,18.4,Déficience microbienne
827,Alluviaux,6.03,34.0,34.2,2.68,1.06,Bon,26.4,195.9,115.0,28.1,Déficience microbienne
828,Alluviaux,6.97,28.4,44.2,3.67,1.01,Bon,52.5,117.4,207.3,46.2,Déficience microbienne
829,Sableux,5.54,36.0,27.4,1.5,0.95,Bon,26.2,72.5,75.7,29.2,Déficience microbienne
830,Alluviaux,6.55,34.1,37.4,3.12,1.27,Mauvais,61.8,197.6,222.8,40.0,Déficience microbienne
831,Alluviaux,7.23,25.4,47.4,3.54,1.3,Bon,44.9,200.1,102.6,72.3,Déficience microbienne
832,Calcaire,7.95,33.4,12.8,1.66,1.99,Mauvais,50.2,144.7,234.2,78.1,Déficience microbienne
833,Latéritique,6.7,36.1,17.2,1.79,1.01,Moyen,48.5,146.1,89.4,23.6,Fusariose vasculaire
834,Calcaire,8.35,32.1,23.4,1.81,2.67,Moyen,36.3,84.3,261.4,77.3,Déficience microbienne
835,Alluviaux,6.62,28.3,42.1,4.79,2.17,Bon,69.8,103.4,122.6,56.6,Déficience microbienne
836,Latéritique,7.14,30.9,19.8,2.57,0.58,Moyen,38.5,110.6,147.2,56.4,Déficience microbienne
837,Sableux,5.71,36.1,21.7,1.05,1.0,Mauvais,20.4,58.5,61.9,19.0,Déficience microbienne
838,Alluviaux,6.75,33.4,44.0,4.37,1.2,Mauvais,40.2,159.1,138.4,23.7,Pourriture des racines
839,Calcaire,8.09,39.9,13.3,1.07,2.56,Moyen,42.6,161.3,290.8,77.3,Déficience microbienne
840,Sableux,5.82,36.6,19.3,1.13,0.73,Bon,17.5,100.8,102.9,42.4,Déficience microbienne
841,Alluviaux,7.1,31.6,32.3,4.16,1.5,Moyen,64.7,238.0,111.0,69.2,Déficience microbienne
842,Alluviaux,6.06,28.7,40.8,2.44,1.99,Bon,20.4,125.3,216.2,62.9,Déficience microbienne
843,Sableux,6.83,37.1,23.4,0.89,0.1,Mauvais,14.8,103.5,117.5,26.7,Nématodose
844,Alluviaux,7.1,30.2,31.5,2.58,2.18,Bon,56.2,234.2,123.5,79.4,Déficience microbienne
845,Latéritique,5.92,28.1,34.9,1.56,1.5,Mauvais,28.8,118.0,188.5,36.0,Déficience microbienne
846,Alluviaux,7.01,26.9,42.5,3.01,0.92,Bon,35.7,126.8,280.4,43.8,Déficience microbienne
847,Alluviaux,6.37,29.5,36.4,4.23,2.44,Bon,41.9,229.2,213.2,29.4,Déficience microbienne
848,Calcaire,8.19,35.1,23.0,2.33,1.88,Moyen,75.1,152.6,247.7,60.2,Déficience microbienne
849,Latéritique,6.15,37.8,28.3,1.09,0.99,Bon,51.2,65.6,82.9,42.5,Déficience microbienne
850,Alluviaux,6.5,29.4,35.3,2.49,1.88,Moyen,45.7,130.0,163.9,55.5,Déficience microbienne
851,Latéritique,5.64,29.5,16.5,2.62,1.63,Mauvais,57.7,131.6,160.3,43.8,Déficience microbienne
852,Sableux,6.28,30.4,22.4,1.28,0.8,Bon,24.3,77.7,114.3,37.7,Déficience microbienne
853,Sableux,6.74,33.4,25.4,1.06,1.34,Moyen,31.1,101.8,107.8,40.0,Déficience microbienne
854,Latéritique,7.43,28.7,16.1,2.88,1.29,Mauvais,50.7,108.2,91.2,58.4,Déficience microbienne
855,Latéritique,6.99,31.1,21.1,2.68,0.61,Mauvais,64.1,85.7,151.2,66.8,Déficience microbienne
856,Calcaire,8.18,34.1,23.8,1.52,1.55,Moyen,79.8,152.6,278.9,47.8,Déficience microbienne
857,Alluviaux,6.07,25.3,41.1,4.29,1.57,Moyen,62.0,105.0,173.4,34.2,Déficience microbienne
858,Sableux,5.89,30.7,29.1,0.72,1.39,Bon,27.0,148.6,105.4,47.2,Déficience microbienne
859,Latéritique,5.51,35.5,33.1,1.28,0.64,Mauvais,41.2,153.4,145.1,46.4,Fusariose vasculaire
860,Alluviaux,6.21,25.0,46.2,2.26,1.77,Bon,65.7,131.3,233.1,24.7,Déficience microbienne
861,Calcaire,8.1,31.6,24.7,1.45,1.93,Moyen,60.0,88.8,298.3,45.1,Déficience microbienne
862,Latéritique,6.82,29.6,28.8,1.26,1.14,Moyen,32.4,134.8,111.4,64.1,Déficience microbienne
863,Latéritique,7.28,30.0,27.3,1.18,1.09,Mauvais,55.7,125.9,155.0,34.1,Déficience microbienne
864,Alluviaux,6.57,26.0,44.4,3.51,1.92,Moyen,32.4,148.7,166.8,21.5,Déficience microbienne
865,Latéritique,6.18,36.0,32.9,2.04,1.18,Moyen,21.5,147.9,81.6,67.2,Fusariose vasculaire
866,Sableux,5.98,33.4,28.5,0.52,0.91,Moyen,32.0,71.9,92.9,36.1,Déficience microbienne
867,Sableux,6.45,30.0,28.7,0.66,0.43,Mauvais,20.5,53.8,62.3,49.5,Déficience microbienne
868,Latéritique,6.13,29.2,17.1,2.44,1.78,Mauvais,32.8,62.1,106.8,22.8,Déficience microbienne
869,Sableux,5.21,34.3,14.6,1.02,0.45,Moyen,47.6,140.6,106.7,24.2,Déficience microbienne
870,Latéritique,6.26,32.1,29.6,1.9,1.79,Mauvais,67.2,93.6,147.3,24.8,Fusariose vasculaire
871,Calcaire,7.7,34.1,14.1,2.31,1.32,Mauvais,52.8,136.6,288.4,49.2,Déficience microbienne
872,Alluviaux,7.3,30.7,38.8,2.2,1.43,Bon,61.0,192.2,266.4,49.6,Déficience microbienne
873,Alluviaux,6.18,25.1,36.1,4.09,2.08,Bon,34.8,174.3,184.2,44.6,Déficience microbienne
874,Calcaire,7.73,31.4,13.9,1.08,1.4,Bon,30.5,139.0,213.3,78.7,Déficience microbienne
875,Sableux,5.39,33.5,17.2,0.51,1.27,Bon,11.3,144.0,139.2,31.4,Déficience microbienne
876,Alluviaux,6.82,31.5,37.7,3.94,0.59,Bon,22.7,168.6,209.9,73.3,Déficience microbienne
877,Calcaire,7.6,38.2,14.2,1.59,1.63,Moyen,50.0,86.6,250.7,70.1,Déficience microbienne
878,Calcaire,7.94,34.9,27.0,2.06,1.98,Moyen,42.9,167.3,265.4,41.1,Déficience microbienne
879,Alluviaux,6.4,33.0,30.9,4.98,0.76,Mauvais,59.8,159.2,198.4,72.8,Déficience microbienne
880,Sableux,5.83,35.4,11.0,0.5,0.44,Mauvais,37.2,62.1,61.4,26.4,Déficience microbienne
881,Calcaire,8.15,37.1,13.6,1.12,2.88,Moyen,43.0,163.9,322.7,68.6,Déficience microbienne
882,Alluviaux,6.25,33.2,45.4,3.79,1.17,Moyen,33.1,118.3,202.0,55.1,Déficience microbienne
883,Latéritique,6.22,32.8,22.3,2.28,1.85,Mauvais,28.2,98.1,96.9,51.2,Fusariose vasculaire
884,Alluviaux,7.09,34.3,35.6,4.85,0.63,Mauvais,50.2,108.6,278.8,51.8,Déficience microbienne
885,Latéritique,6.84,36.3,18.0,1.08,1.82,Mauvais,35.7,72.9,136.2,49.9,Fusariose vasculaire
886,Latéritique,5.56,30.7,15.7,1.84,1.84,Mauvais,69.1,123.7,99.4,65.3,Déficience microbienne
887,Calcaire,8.02,31.5,28.4,2.14,2.46,Mauvais,65.5,92.0,192.2,64.4,Flétrissure bactérienne
888,Latéritique,5.94,32.4,30.6,2.57,1.18,Mauvais,59.6,143.9,158.6,31.4,Fusariose vasculaire
889,Calcaire,7.77,33.1,12.3,1.41,1.42,Mauvais,52.8,169.9,170.9,66.0,Déficience microbienne
890,Latéritique,6.87,29.0,33.5,2.14,1.05,Mauvais,57.8,85.7,163.2,22.0,Déficience microbienne
891,Calcaire,8.34,34.5,22.7,1.33,2.35,Moyen,68.6,122.1,273.5,52.8,Déficience microbienne
892,Alluviaux,7.34,30.0,46.8,4.4,1.32,Bon,31.5,160.9,265.2,33.7,Déficience microbienne
893,Latéritique,6.55,36.1,22.1,2.28,0.87,Mauvais,25.5,139.4,91.9,33.6,Fusariose vasculaire
894,Latéritique,7.21,31.5,34.5,2.96,0.9,Moyen,22.0,130.5,134.1,25.0,Déficience microbienne
895,Alluviaux,7.06,25.3,47.4,2.42,0.75,Mauvais,28.8,244.0,238.6,68.1,Pourriture des racines
896,Alluviaux,6.6,28.4,34.7,3.44,1.6,Mauvais,51.6,138.6,289.7,30.2,Déficience microbienne
897,Calcaire,8.47,30.1,19.6,1.5,1.9,Moyen,58.5,117.9,233.0,66.6,Déficience microbienne
898,Latéritique,6.87,36.3,20.0,2.22,1.38,Mauvais,38.5,108.6,117.7,27.1,Fusariose vasculaire
899,Sableux,5.43,31.1,23.7,1.16,1.43,Moyen,39.2,55.2,138.4,44.5,Déficience microbienne
900,Alluviaux,6.66,30.9,49.5,3.6,2.31,Moyen,24.2,128.7,188.2,55.1,Déficience microbienne
901,Alluviaux,7.22,34.9,37.8,2.14,2.1,Bon,50.2,129.8,199.0,64.5,Déficience microbienne
902,Latéritique,7.04,33.0,21.1,2.95,1.5,Mauvais,40.4,88.0,167.7,32.1,Fusariose vasculaire
903,Latéritique,5.84,33.3,20.8,2.26,0.68,Moyen,52.7,88.3,80.0,26.3,Fusariose vasculaire
904,Calcaire,8.43,38.7,14.7,2.17,2.22,Moyen,78.5,111.1,286.3,33.2,Déficience microbienne
905,Calcaire,7.9,39.6,20.8,1.43,1.24,Moyen,65.2,140.9,224.8,77.5,Déficience microbienne
906,Sableux,5.04,33.0,28.4,0.82,0.45,Bon,31.4,132.4,60.3,47.7,Déficience microbienne
907,Latéritique,7.09,29.8,29.2,1.77,1.1,Mauvais,59.2,156.3,95.2,41.0,Déficience microbienne
908,Sableux,5.96,33.8,17.3,0.55,1.06,Moyen,27.4,69.5,131.6,42.1,Déficience microbienne
909,Calcaire,7.99,33.0,22.8,1.43,1.47,Bon,66.5,74.4,169.0,30.3,Déficience microbienne
910,Calcaire,7.65,30.7,29.9,1.43,1.3,Moyen,42.0,173.0,254.0,48.2,Déficience microbienne
911,Alluviaux,7.31,28.9,36.7,2.62,1.26,Bon,35.8,201.6,157.9,54.6,Déficience microbienne
912,Calcaire,7.57,31.9,18.1,2.41,1.75,Mauvais,63.2,98.1,175.4,32.9,Déficience microbienne
913,Latéritique,6.11,29.6,18.5,2.52,0.52,Moyen,47.9,97.9,140.8,48.1,Déficience microbienne
914,Sableux,5.63,33.0,24.7,1.37,0.37,Mauvais,13.9,139.8,85.0,32.1,Déficience microbienne
915,Sableux,5.72,31.3,21.8,1.03,0.38,Moyen,28.1,129.7,109.0,13.9,Déficience microbienne
916,Calcaire,8.05,37.0,25.9,1.94,1.31,Moyen,65.5,144.5,154.9,50.6,Déficience microbienne
917,Sableux,5.67,36.7,14.3,1.09,1.38,Mauvais,41.9,142.1,147.9,10.4,Déficience microbienne
918,Calcaire,8.12,34.1,27.2,1.38,2.96,Moyen,60.7,157.3,167.1,39.2,Déficience microbienne
919,Calcaire,8.26,30.2,26.3,1.02,2.31,Mauvais,48.3,137.3,289.2,47.1,Flétrissure bactérienne
920,Sableux,5.22,30.7,21.8,1.02,1.14,Mauvais,30.4,92.2,89.8,11.1,Déficience microbienne
921,Alluviaux,6.5,34.8,47.5,2.99,1.68,Moyen,62.4,166.2,103.6,24.5,Déficience microbienne
922,Calcaire,8.01,39.7,23.9,1.11,1.38,Mauvais,68.6,162.6,273.5,62.2,Flétrissure bactérienne
923,Latéritique,5.56,36.3,30.8,1.52,1.56,Mauvais,30.7,64.0,104.1,28.9,Fusariose vasculaire
924,Sableux,5.68,34.2,20.2,0.98,0.48,Bon,11.2,110.5,89.6,21.9,Déficience microbienne
925,Sableux,6.73,37.5,27.2,0.99,0.28,Mauvais,37.8,70.6,94.1,12.6,Nématodose
926,Latéritique,7.15,29.3,33.1,2.73,1.2,Moyen,57.2,121.9,176.4,41.6,Déficience microbienne
927,Alluviaux,7.18,29.6,48.8,3.46,1.43,Mauvais,59.3,223.2,210.9,30.8,Pourriture des racines
928,Calcaire,7.97,39.7,25.1,2.22,1.07,Mauvais,53.4,141.1,316.0,32.5,Déficience microbienne
929,Alluviaux,7.28,30.5,33.9,2.95,1.06,Bon,46.5,107.8,131.7,68.8,Déficience microbienne
930,Sableux,5.27,32.3,19.1,1.02,1.17,Moyen,27.9,129.0,111.8,14.5,Déficience microbienne
931,Alluviaux,6.23,29.4,37.9,4.23,1.66,Moyen,39.4,125.6,145.4,54.5,Déficience microbienne
932,Calcaire,7.92,35.1,13.4,1.99,2.71,Bon,42.9,124.1,345.1,46.7,Déficience microbienne
933,Latéritique,6.69,28.9,27.1,1.18,1.94,Mauvais,55.8,138.8,164.5,49.5,Déficience microbienne
934,Calcaire,7.95,38.6,29.1,1.75,2.86,Bon,59.2,129.2,240.9,40.5,Déficience microbienne
935,Alluviaux,6.01,27.4,40.2,3.14,1.4,Mauvais,69.0,152.5,190.4,28.0,Pourriture des racines
936,Latéritique,5.6,35.8,26.4,2.52,0.72,Bon,48.6,85.4,107.4,20.6,Déficience microbienne
937,Sableux,5.26,33.1,12.3,1.49,0.53,Bon,15.2,69.9,108.8,12.6,Déficience microbienne
938,Calcaire,8.36,39.6,14.9,1.68,1.04,Moyen,62.0,115.5,204.0,40.3,Déficience microbienne
939,Calcaire,8.15,34.2,13.6,2.03,2.13,Bon,72.9,82.9,307.1,63.7,Déficience microbienne
940,Alluviaux,6.17,31.9,38.8,4.83,0.78,Bon,52.1,157.3,291.4,39.8,Déficience microbienne
941,Latéritique,7.42,37.0,20.4,2.61,1.99,Mauvais,32.6,103.7,142.4,34.7,Fusariose vasculaire
942,Latéritique,5.53,30.2,20.6,1.89,0.76,Mauvais,63.7,130.5,90.2,52.5,Déficience microbienne
943,Sableux,6.31,39.6,10.1,0.75,1.4,Bon,47.3,122.1,126.6,13.7,Nématodose
944,Latéritique,6.53,30.3,18.6,2.62,0.7,Mauvais,43.4,153.9,102.3,68.9,Déficience microbienne
945,Sableux,6.99,35.6,13.4,0.82,0.69,Moyen,22.4,78.1,147.2,16.1,Déficience microbienne
946,Alluviaux,7.1,25.0,41.9,4.75,1.08,Bon,29.3,197.8,242.5,61.3,Déficience microbienne
947,Alluviaux,6.48,27.5,49.1,4.77,1.41,Moyen,62.3,167.8,184.9,29.4,Déficience microbienne
948,Latéritique,6.35,33.4,15.5,1.89,1.67,Mauvais,54.0,123.5,189.1,20.9,Fusariose vasculaire
949,Latéritique,6.61,35.9,25.8,1.65,0.7,Moyen,64.4,107.1,185.4,49.3,Fusariose vasculaire
950,Calcaire,8.17,38.0,23.2,1.6,2.03,Moyen,70.2,111.1,227.6,34.8,Déficience microbienne
951,Calcaire,8.41,30.9,23.0,1.62,1.81,Moyen,64.0,77.4,268.7,68.6,Déficience microbienne
952,Alluviaux,7.24,26.7,47.9,3.97,2.26,Moyen,44.3,181.3,283.8,74.0,Déficience microbienne
953,Latéritique,6.4,30.7,22.9,1.78,0.93,Moyen,33.4,146.1,88.4,53.9,Déficience microbienne
954,Alluviaux,6.26,28.4,31.2,2.81,2.04,Moyen,64.3,133.2,192.7,48.2,Déficience microbienne
955,Calcaire,8.37,37.6,20.3,2.01,2.69,Mauvais,30.5,114.3,331.4,67.0,Flétrissure bactérienne
956,Sableux,6.09,35.3,17.0,1.02,1.02,Moyen,26.7,121.4,136.1,16.2,Déficience microbienne
957,Latéritique,6.4,32.1,28.7,1.5,1.46,Bon,63.9,101.8,189.3,69.7,Déficience microbienne
958,Sableux,5.21,32.3,29.0,1.46,0.24,Bon,10.6,66.1,149.6,17.2,Déficience microbienne
959,Calcaire,8.0,38.5,10.4,1.91,1.55,Moyen,73.1,101.2,287.4,63.7,Déficience microbienne
960,Calcaire,7.72,30.3,18.2,1.43,2.62,Bon,70.0,120.3,271.3,60.2,Déficience microbienne
961,Alluviaux,7.24,29.3,35.5,2.8,1.57,Bon,42.5,166.0,118.2,63.1,Déficience microbienne
962,Calcaire,7.71,32.0,18.3,1.34,2.17,Mauvais,48.6,119.4,257.4,40.2,Déficience microbienne
963,Alluviaux,6.23,33.8,38.7,3.24,0.57,Bon,44.9,183.1,211.8,62.4,Déficience microbienne
964,Alluviaux,6.27,27.5,46.2,4.84,0.77,Mauvais,44.9,132.1,112.0,39.5,Pourriture des racines
965,Alluviaux,6.22,32.1,40.7,2.43,0.52,Bon,60.4,126.4,221.2,40.2,Déficience microbienne
966,Alluviaux,6.88,28.2,31.7,2.67,0.88,Bon,41.4,198.7,152.8,20.7,Déficience microbienne
967,Sableux,6.04,36.1,29.3,1.09,0.76,Moyen,32.9,142.8,132.8,22.9,Déficience microbienne
968,Latéritique,5.97,30.6,25.1,2.49,1.25,Mauvais,23.4,132.4,176.7,34.5,Déficience microbienne
969,Alluviaux,7.0,29.3,47.8,4.54,1.55,Bon,54.6,232.5,199.1,38.8,Déficience microbienne
970,Sableux,6.51,32.2,17.8,1.37,1.11,Mauvais,26.2,71.5,85.6,21.4,Déficience microbienne
971,Sableux,5.35,37.4,15.0,0.95,0.64,Bon,49.3,89.1,58.0,13.6,Nématodose
972,Latéritique,6.68,34.0,23.4,1.86,0.58,Mauvais,45.8,110.5,97.9,25.2,Fusariose vasculaire
973,Sableux,5.25,31.0,22.2,0.7,0.45,Mauvais,16.9,145.8,135.5,19.2,Déficience microbienne
974,Sableux,5.66,32.1,19.8,0.52,1.04,Mauvais,30.9,139.9,66.4,42.2,Déficience microbienne
975,Alluviaux,7.19,26.3,38.0,2.51,1.01,Bon,33.2,183.4,182.3,76.9,Déficience microbienne
976,Alluviaux,6.19,34.7,34.6,4.32,1.18,Bon,27.2,228.7,161.8,59.5,Déficience microbienne
977,Calcaire,8.07,34.7,19.9,2.1,1.18,Mauvais,63.4,168.5,161.6,37.0,Flétrissure bactérienne
978,Alluviaux,7.07,29.4,38.1,2.41,1.51,Bon,26.3,171.5,252.7,35.5,Déficience microbienne
979,Alluviaux,6.72,34.9,43.7,4.52,1.33,Bon,58.4,106.1,124.6,32.2,Déficience microbienne
980,Alluviaux,6.6,33.5,36.9,3.96,1.92,Bon,49.3,153.6,215.4,40.5,Déficience microbienne
981,Calcaire,7.58,39.9,12.5,1.11,2.76,Moyen,45.1,141.5,215.8,49.6,Déficience microbienne
982,Latéritique,6.02,31.4,23.2,2.44,1.27,Moyen,67.2,64.2,140.4,49.2,Déficience microbienne
983,Alluviaux,7.38,25.5,41.5,4.56,0.98,Moyen,63.8,102.9,246.5,76.0,Déficience microbienne
984,Calcaire,8.16,34.4,10.9,2.38,1.94,Mauvais,31.4,145.9,246.4,36.2,Flétrissure bactérienne
985,Sableux,5.43,30.6,21.5,1.12,0.81,Mauvais,42.7,136.1,111.6,10.5,Déficience microbienne
986,Alluviaux,7.04,29.2,41.3,3.95,1.2,Moyen,65.9,120.1,234.3,20.3,Déficience microbienne
987,Alluviaux,7.39,26.1,31.9,3.0,1.25,Moyen,30.7,187.8,188.6,22.1,Déficience microbienne
988,Calcaire,7.82,38.1,23.8,2.09,2.4,Moyen,45.5,81.0,204.5,71.6,Déficience microbienne
989,Latéritique,7.46,32.9,15.2,1.28,0.98,Moyen,48.9,67.5,193.2,38.3,Fusariose vasculaire
990,Calcaire,8.41,37.8,25.1,1.91,2.25,Mauvais,61.9,139.2,260.7,79.3,Flétrissure bactérienne
991,Sableux,6.46,37.8,27.4,0.72,0.22,Bon,29.3,101.4,132.9,27.8,Nématodose
992,Alluviaux,6.86,30.3,30.8,3.85,2.16,Moyen,27.9,189.1,218.7,29.9,Déficience microbienne
993,Sableux,5.25,39.8,17.9,0.73,0.34,Bon,36.7,110.9,114.4,13.5,Nématodose
994,Sableux,6.79,33.9,16.3,0.96,0.65,Bon,44.5,142.9,80.3,44.6,Déficience microbienne
995,Sableux,6.56,39.3,14.9,1.08,0.48,Moyen,43.0,50.5,106.5,23.6,Déficience microbienne
996,Sableux,5.65,36.4,27.0,1.11,1.29,Bon,20.6,102.0,95.1,10.5,Déficience microbienne
997,Sableux,6.11,36.6,21.8,1.24,0.9,Moyen,12.7,61.6,109.6,21.0,Déficience microbienne
998,Calcaire,7.58,34.3,21.1,1.49,2.44,Moyen,62.2,106.6,301.0,62.4,Déficience microbienne
999,Sableux,6.27,35.5,10.2,1.2,0.63,Bon,47.7,131.8,108.8,20.1,Déficience microbienne
1000,Latéritique,5.91,31.4,24.5,1.59,1.27,Moyen,28.3,157.8,93.0,66.6,Déficience microbienne
